PERIOD,BNF_NAME,BNF_CODE,HOSPITAL_TRUST_CODE,HOSPITAL_TRUST,QUANTITY,TOTAL_QUANTITY,TOTAL_ITEMS,TOTAL_ACTUAL_COST,TOTAL_NIC
202208,Lithium carbonate 250mg tablets,0402030K0AAACAC,RW100,SOUTHERN HEALTH NHS FOUNDATION TRUST,112,112,1,91.17414259,97.44
202208,Lithium carbonate 250mg tablets,0402030K0AAACAC,RX400,CUMBRIANORTHUMBERLANDTYNE AND WEAR NHS FOUNDATION TRUST,56,56,1,45.6432713,48.72
202208,Lithium carbonate 250mg tablets,0402030K0AAACAC,RX400,CUMBRIANORTHUMBERLANDTYNE AND WEAR NHS FOUNDATION TRUST,28,28,1,22.87783565,24.36
202208,Lithium carbonate 400mg modified-release tablets,0402030K0AAAFAF,RXY00,KENT AND MEDWAY NHS AND SOCIAL CARE PARTNERSHIP TRUST,1,1,1,0.196508752,0.09
202208,Lithium carbonate 400mg modified-release tablets,0402030K0AAAFAF,RV500,SOUTH LONDON AND MAUDSLEY NHS FOUNDATION TRUST,120,120,1,9.644725271,10.2
202208,Lithium carbonate 400mg modified-release tablets,0402030K0AAAFAF,RWK00,EAST LONDON NHS FOUNDATION TRUST,70,70,1,5.672923075,5.95
202208,Lithium carbonate 400mg modified-release tablets,0402030K0AAAFAF,RV500,SOUTH LONDON AND MAUDSLEY NHS FOUNDATION TRUST,21,84,4,7.140918524,7.16
202208,Lithium carbonate 400mg modified-release tablets,0402030K0AAAFAF,R1F00,ISLE OF WIGHT NHS TRUST,21,21,1,1.785229631,1.79
202208,Lithium carbonate 400mg modified-release tablets,0402030K0AAAFAF,RH500,SOMERSET NHS FOUNDATION TRUST,21,21,1,1.785229631,1.79
202208,Lithium carbonate 400mg modified-release tablets,0402030K0AAAFAF,RX200,SUSSEX PARTNERSHIP NHS FOUNDATION TRUST,21,21,1,1.785229631,1.79
202208,Lithium carbonate 400mg modified-release tablets,0402030K0AAAFAF,RRE00,MIDLANDS PARTNERSHIP NHS FOUNDATION TRUST,60,60,1,4.878562636,5.1
202208,Lithium carbonate 400mg modified-release tablets,0402030K0AAAFAF,RXT00,BIRMINGHAM AND SOLIHULL MENTAL HEALTH NHS FOUNDATION TRUST,90,90,1,7.261643954,7.65
202208,Lithium carbonate 400mg modified-release tablets,0402030K0AAAFAF,RV500,SOUTH LONDON AND MAUDSLEY NHS FOUNDATION TRUST,180,180,1,14.41088791,15.3
202208,Lithium carbonate 400mg modified-release tablets,0402030K0AAAFAF,RWV00,DEVON PARTNERSHIP NHS TRUST,53,53,1,4.214783037,4.51
202208,Lithium carbonate 400mg modified-release tablets,0402030K0AAAFAF,RV900,HUMBER TEACHING NHS FOUNDATION TRUST,30,30,1,2.495481318,2.55
202208,Lithium carbonate 400mg modified-release tablets,0402030K0AAAFAF,RW100,SOUTHERN HEALTH NHS FOUNDATION TRUST,30,30,1,2.495481318,2.55
202208,Lithium carbonate 400mg modified-release tablets,0402030K0AAAFAF,RAT00,NORTH EAST LONDON NHS FOUNDATION TRUST,14,98,7,8.571532305,8.33
202208,Lithium carbonate 400mg modified-release tablets,0402030K0AAAFAF,RV500,SOUTH LONDON AND MAUDSLEY NHS FOUNDATION TRUST,14,196,14,17.14306461,16.66
202208,Lithium carbonate 400mg modified-release tablets,0402030K0AAAFAF,RWR00,HERTFORDSHIRE PARTNERSHIP UNIVERSITY NHS FOUNDATION TRUST,7,35,5,3.36562508,3
202208,Lithium carbonate 400mg modified-release tablets,0402030K0AAAFAF,RXT00,BIRMINGHAM AND SOLIHULL MENTAL HEALTH NHS FOUNDATION TRUST,28,280,10,23.3660923,23.8
202208,Lithium carbonate 400mg modified-release tablets,0402030K0AAAFAF,RV500,SOUTH LONDON AND MAUDSLEY NHS FOUNDATION TRUST,28,280,10,23.3660923,23.8
202208,Lithium carbonate 400mg modified-release tablets,0402030K0AAAFAF,RXV00,GREATER MANCHESTER MENTAL HEALTH NHS FOUNDATION TRUST,3,3,1,0.35538084,0.26
202208,Lithium carbonate 400mg modified-release tablets,0402030K0AAAFAF,R1F00,ISLE OF WIGHT NHS TRUST,84,252,3,20.35508307,21.42
202208,Lithium carbonate 400mg modified-release tablets,0402030K0AAAFAF,RV500,SOUTH LONDON AND MAUDSLEY NHS FOUNDATION TRUST,56,504,9,41.04736614,42.84
202208,Lithium carbonate 400mg modified-release tablets,0402030K0AAAFAF,RHA00,NOTTINGHAMSHIRE HEALTHCARE NHS FOUNDATION TRUST,20,20,1,1.701120879,1.7
202208,Lithium carbonate 400mg modified-release tablets,0402030K0AAAFAF,RX400,CUMBRIANORTHUMBERLANDTYNE AND WEAR NHS FOUNDATION TRUST,20,20,1,1.701120879,1.7
202208,Lithium carbonate 400mg modified-release tablets,0402030K0AAAFAF,RT500,LEICESTERSHIRE PARTNERSHIP NHS TRUST,168,168,1,13.45765538,14.28
202208,Lithium carbonate 400mg modified-release tablets,0402030K0AAAFAF,RPG00,OXLEAS NHS FOUNDATION TRUST,168,168,1,13.45765538,14.28
202208,Lithium carbonate 400mg modified-release tablets,0402030K0AAAFAF,RV500,SOUTH LONDON AND MAUDSLEY NHS FOUNDATION TRUST,112,336,3,27.02771076,28.56
202208,Lithium carbonate 400mg modified-release tablets,0402030K0AAAFAF,RV500,SOUTH LONDON AND MAUDSLEY NHS FOUNDATION TRUST,6,12,2,1.178032527,1.02
202208,Lithium carbonate 400mg modified-release tablets,0402030K0AAAFAF,RPG00,OXLEAS NHS FOUNDATION TRUST,84,84,1,6.78502769,7.14
202208,Lithium carbonate 400mg modified-release tablets,0402030K0AAAFAF,RXM00,DERBYSHIRE HEALTHCARE NHS FOUNDATION TRUST,84,84,1,6.78502769,7.14
202208,Lithium carbonate 400mg modified-release tablets,0402030K0AAAFAF,RRQ00,CAMDEN AND ISLINGTON NHS FOUNDATION TRUST,84,84,1,6.78502769,7.14
202208,Lithium carbonate 400mg modified-release tablets,0402030K0AAAFAF,R1L00,ESSEX PARTNERSHIP UNIVERSITY NHS FOUNDATION TRUST,84,168,2,13.57005538,14.28
202208,Lithium carbonate 400mg modified-release tablets,0402030K0AAAFAF,RRE00,MIDLANDS PARTNERSHIP NHS FOUNDATION TRUST,84,168,2,13.57005538,14.28
202208,Lithium carbonate 400mg modified-release tablets,0402030K0AAAFAF,RV500,SOUTH LONDON AND MAUDSLEY NHS FOUNDATION TRUST,84,168,2,13.57005538,14.28
202208,Lithium carbonate 400mg modified-release tablets,0402030K0AAAFAF,RXT00,BIRMINGHAM AND SOLIHULL MENTAL HEALTH NHS FOUNDATION TRUST,84,168,2,13.57005538,14.28
202208,Lithium carbonate 400mg modified-release tablets,0402030K0AAAFAF,RW400,MERSEY CARE NHS FOUNDATION TRUST,56,168,3,13.68245538,14.28
202208,Lithium carbonate 400mg modified-release tablets,0402030K0AAAFAF,RRE00,MIDLANDS PARTNERSHIP NHS FOUNDATION TRUST,56,336,6,27.36491076,28.56
202208,Lithium carbonate 400mg modified-release tablets,0402030K0AAAFAF,RAT00,NORTH EAST LONDON NHS FOUNDATION TRUST,42,42,1,3.448713845,3.57
202208,Lithium carbonate 400mg modified-release tablets,0402030K0AAAFAF,RT100,CAMBRIDGESHIRE AND PETERBOROUGH NHS FOUNDATION TRUST,42,42,1,3.448713845,3.57
202208,Lithium carbonate 400mg modified-release tablets,0402030K0AAAFAF,RTV00,NORTH WEST BOROUGHS HEALTHCARE NHS FOUNDATION TRUST,42,42,1,3.448713845,3.57
202208,Lithium carbonate 400mg modified-release tablets,0402030K0AAAFAF,RPG00,OXLEAS NHS FOUNDATION TRUST,42,42,1,3.448713845,3.57
202208,Lithium carbonate 400mg modified-release tablets,0402030K0AAAFAF,RWV00,DEVON PARTNERSHIP NHS TRUST,42,84,2,6.89742769,7.14
202208,Lithium carbonate 400mg modified-release tablets,0402030K0AAAFAF,RXT00,BIRMINGHAM AND SOLIHULL MENTAL HEALTH NHS FOUNDATION TRUST,42,84,2,6.89742769,7.14
202208,Lithium carbonate 400mg modified-release tablets,0402030K0AAAFAF,RXY00,KENT AND MEDWAY NHS AND SOCIAL CARE PARTNERSHIP TRUST,42,84,2,6.89742769,7.14
202208,Lithium carbonate 400mg modified-release tablets,0402030K0AAAFAF,RVN00,AVON AND WILTSHIRE MENTAL HEALTH PARTNERSHIP NHS TRUST,15,15,1,1.308613367,1.28
202208,Lithium carbonate 400mg modified-release tablets,0402030K0AAAFAF,RNU00,OXFORD HEALTH NHS FOUNDATION TRUST,18,18,1,1.542248791,1.53
202208,Lithium carbonate 400mg modified-release tablets,0402030K0AAAFAF,RT100,CAMBRIDGESHIRE AND PETERBOROUGH NHS FOUNDATION TRUST,10,10,1,0.906760439,0.85
202208,Lithium carbonate 400mg modified-release tablets,0402030K0AAAFAF,RT500,LEICESTERSHIRE PARTNERSHIP NHS TRUST,112,112,1,9.00923692,9.52
202208,Lithium carbonate 400mg modified-release tablets,0402030K0AAAFAF,RW500,LANCASHIRE & SOUTH CUMBRIA NHS FOUNDATION TRUST,112,112,1,9.00923692,9.52
202208,Lithium carbonate 400mg modified-release tablets,0402030K0AAAFAF,RRQ00,CAMDEN AND ISLINGTON NHS FOUNDATION TRUST,112,224,2,18.01847384,19.04
202208,Lithium carbonate 400mg modified-release tablets,0402030K0AAAFAF,RHA00,NOTTINGHAMSHIRE HEALTHCARE NHS FOUNDATION TRUST,6,6,1,0.589016264,0.51
202208,Lithium carbonate 400mg modified-release tablets,0402030K0AAAFAF,RNU00,OXFORD HEALTH NHS FOUNDATION TRUST,6,6,1,0.589016264,0.51
202208,Lithium carbonate 400mg modified-release tablets,0402030K0AAAFAF,R1F00,ISLE OF WIGHT NHS TRUST,28,84,3,7.00982769,7.14
202208,Lithium carbonate 400mg modified-release tablets,0402030K0AAAFAF,RW400,MERSEY CARE NHS FOUNDATION TRUST,28,84,3,7.00982769,7.14
202208,Lithium carbonate 400mg modified-release tablets,0402030K0AAAFAF,RW500,LANCASHIRE & SOUTH CUMBRIA NHS FOUNDATION TRUST,28,84,3,7.00982769,7.14
202208,Lithium carbonate 400mg modified-release tablets,0402030K0AAAFAF,RT500,LEICESTERSHIRE PARTNERSHIP NHS TRUST,28,84,3,7.00982769,7.14
202208,Lithium carbonate 400mg modified-release tablets,0402030K0AAAFAF,RHA00,NOTTINGHAMSHIRE HEALTHCARE NHS FOUNDATION TRUST,56,56,1,4.56081846,4.76
202208,Lithium carbonate 400mg modified-release tablets,0402030K0AAAFAF,R1F00,ISLE OF WIGHT NHS TRUST,56,56,1,4.56081846,4.76
202208,Lithium carbonate 400mg modified-release tablets,0402030K0AAAFAF,RPG00,OXLEAS NHS FOUNDATION TRUST,56,56,1,4.56081846,4.76
202208,Lithium carbonate 400mg modified-release tablets,0402030K0AAAFAF,RMY00,NORFOLK AND SUFFOLK NHS FOUNDATION TRUST,56,56,1,4.56081846,4.76
202208,Lithium carbonate 400mg modified-release tablets,0402030K0AAAFAF,RRP00,BARNET ENFIELD AND HARINGEY MENTAL HEALTH NHS TRUST,56,56,1,4.56081846,4.76
202208,Lithium carbonate 400mg modified-release tablets,0402030K0AAAFAF,RXX00,SURREY AND BORDERS PARTNERSHIP NHS FOUNDATION TRUST,56,56,1,4.56081846,4.76
202208,Lithium carbonate 400mg modified-release tablets,0402030K0AAAFAF,RXY00,KENT AND MEDWAY NHS AND SOCIAL CARE PARTNERSHIP TRUST,56,56,1,4.56081846,4.76
202208,Lithium carbonate 400mg modified-release tablets,0402030K0AAAFAF,RYK00,DUDLEY INTEGRATED HEALTH AND CARE NHS TRUST,56,56,1,4.56081846,4.76
202208,Lithium carbonate 400mg modified-release tablets,0402030K0AAAFAF,RXV00,GREATER MANCHESTER MENTAL HEALTH NHS FOUNDATION TRUST,56,56,1,4.56081846,4.76
202208,Lithium carbonate 400mg modified-release tablets,0402030K0AAAFAF,RNU00,OXFORD HEALTH NHS FOUNDATION TRUST,56,112,2,9.12163692,9.52
202208,Lithium carbonate 400mg modified-release tablets,0402030K0AAAFAF,RW100,SOUTHERN HEALTH NHS FOUNDATION TRUST,56,112,2,9.12163692,9.52
202208,Lithium carbonate 400mg modified-release tablets,0402030K0AAAFAF,RV300,CENTRA AND NORTH WEST LONDON NHS FOUNDATION TRUST,56,112,2,9.12163692,9.52
202208,Lithium carbonate 400mg modified-release tablets,0402030K0AAAFAF,RT500,LEICESTERSHIRE PARTNERSHIP NHS TRUST,56,112,2,9.12163692,9.52
202208,Lithium carbonate 400mg modified-release tablets,0402030K0AAAFAF,RW500,LANCASHIRE & SOUTH CUMBRIA NHS FOUNDATION TRUST,56,112,2,9.12163692,9.52
202208,Lithium carbonate 400mg modified-release tablets,0402030K0AAAFAF,RXT00,BIRMINGHAM AND SOLIHULL MENTAL HEALTH NHS FOUNDATION TRUST,56,224,4,18.24327384,19.04
202208,Lithium carbonate 400mg modified-release tablets,0402030K0AAAFAF,RKL00,WEST LONDON NHS TRUST,2,2,1,0.271272088,0.17
202208,Lithium carbonate 400mg modified-release tablets,0402030K0AAAFAF,RX200,SUSSEX PARTNERSHIP NHS FOUNDATION TRUST,2,2,1,0.271272088,0.17
202208,Lithium carbonate 400mg modified-release tablets,0402030K0AAAFAF,RYK00,DUDLEY INTEGRATED HEALTH AND CARE NHS TRUST,2,2,1,0.271272088,0.17
202208,Lithium carbonate 400mg modified-release tablets,0402030K0AAAFAF,R1L00,ESSEX PARTNERSHIP UNIVERSITY NHS FOUNDATION TRUST,28,28,1,2.33660923,2.38
202208,Lithium carbonate 400mg modified-release tablets,0402030K0AAAFAF,RMY00,NORFOLK AND SUFFOLK NHS FOUNDATION TRUST,28,28,1,2.33660923,2.38
202208,Lithium carbonate 400mg modified-release tablets,0402030K0AAAFAF,RRE00,MIDLANDS PARTNERSHIP NHS FOUNDATION TRUST,28,28,1,2.33660923,2.38
202208,Lithium carbonate 400mg modified-release tablets,0402030K0AAAFAF,RWV00,DEVON PARTNERSHIP NHS TRUST,28,28,1,2.33660923,2.38
202208,Lithium carbonate 400mg modified-release tablets,0402030K0AAAFAF,RWX00,BERKSHIRE HEALTHCARE NHS FOUNDATION TRUST,28,28,1,2.33660923,2.38
202208,Lithium carbonate 400mg modified-release tablets,0402030K0AAAFAF,RXG00,SOUTH WEST YORKSHIRE PARTNERSHIP NHS FOUNDATION TRUST,28,28,1,2.33660923,2.38
202208,Lithium carbonate 400mg modified-release tablets,0402030K0AAAFAF,RXM00,DERBYSHIRE HEALTHCARE NHS FOUNDATION TRUST,28,28,1,2.33660923,2.38
202208,Lithium carbonate 400mg modified-release tablets,0402030K0AAAFAF,RRQ00,CAMDEN AND ISLINGTON NHS FOUNDATION TRUST,28,28,1,2.33660923,2.38
202208,Lithium carbonate 400mg modified-release tablets,0402030K0AAAFAF,RPG00,OXLEAS NHS FOUNDATION TRUST,28,56,2,4.67321846,4.76
202208,Lithium carbonate 400mg modified-release tablets,0402030K0AAAFAF,RXV00,GREATER MANCHESTER MENTAL HEALTH NHS FOUNDATION TRUST,28,56,2,4.67321846,4.76
202208,Lithium carbonate 400mg modified-release tablets,0402030K0AAAFAF,RWR00,HERTFORDSHIRE PARTNERSHIP UNIVERSITY NHS FOUNDATION TRUST,28,56,2,4.67321846,4.76
202208,Lithium carbonate 400mg modified-release tablets,0402030K0AAAFAF,RX200,SUSSEX PARTNERSHIP NHS FOUNDATION TRUST,28,56,2,4.67321846,4.76
202208,Lithium carbonate 400mg modified-release tablets,0402030K0AAAFAF,RXY00,KENT AND MEDWAY NHS AND SOCIAL CARE PARTNERSHIP TRUST,28,56,2,4.67321846,4.76
202208,Lithium carbonate 400mg modified-release tablets,0402030K0AAAFAF,RW100,SOUTHERN HEALTH NHS FOUNDATION TRUST,28,112,4,9.34643692,9.52
202208,Lithium carbonate 400mg modified-release tablets,0402030K0AAAFAF,RP700,LINCOLNSHIRE PARTNERSHIP NHS FOUNDATION TRUST,28,28,1,12.71936744,13.49
202208,Lithium carbonate 400mg modified-release tablets,0402030K0AAAFAF,RNU00,OXFORD HEALTH NHS FOUNDATION TRUST,14,42,3,3.673513845,3.57
202208,Lithium carbonate 400mg modified-release tablets,0402030K0AAAFAF,RK700,SHEFFIELD HEALTH AND SOCIAL CARE NHS FOUNDATION TRUST,8,8,1,0.747888351,0.68
202208,Lithium carbonate 400mg modified-release tablets,0402030K0AAAFAF,RT500,LEICESTERSHIRE PARTNERSHIP NHS TRUST,14,28,2,2.44900923,2.38
202208,Lithium carbonate 400mg modified-release tablets,0402030K0AAAFAF,RXX00,SURREY AND BORDERS PARTNERSHIP NHS FOUNDATION TRUST,14,28,2,2.44900923,2.38
202208,Lithium carbonate 400mg modified-release tablets,0402030K0AAAFAF,RYK00,DUDLEY INTEGRATED HEALTH AND CARE NHS TRUST,14,28,2,2.44900923,2.38
202208,Lithium carbonate 400mg modified-release tablets,0402030K0AAAFAF,RW500,LANCASHIRE & SOUTH CUMBRIA NHS FOUNDATION TRUST,14,28,2,2.44900923,2.38
202208,Lithium carbonate 400mg modified-release tablets,0402030K0AAAFAF,RWR00,HERTFORDSHIRE PARTNERSHIP UNIVERSITY NHS FOUNDATION TRUST,14,56,4,4.89801846,4.76
202208,Lithium carbonate 400mg modified-release tablets,0402030K0AAAFAF,R1L00,ESSEX PARTNERSHIP UNIVERSITY NHS FOUNDATION TRUST,14,14,1,1.224504615,1.19
202208,Lithium carbonate 400mg modified-release tablets,0402030K0AAAFAF,RHA00,NOTTINGHAMSHIRE HEALTHCARE NHS FOUNDATION TRUST,14,14,1,1.224504615,1.19
202208,Lithium carbonate 400mg modified-release tablets,0402030K0AAAFAF,RKL00,WEST LONDON NHS TRUST,14,14,1,1.224504615,1.19
202208,Lithium carbonate 400mg modified-release tablets,0402030K0AAAFAF,RQ300,BIRMINGHAM WOMEN'S AND CHILDREN'S NHS FOUNDATION TRUST,14,14,1,1.224504615,1.19
202208,Lithium carbonate 400mg modified-release tablets,0402030K0AAAFAF,RT100,CAMBRIDGESHIRE AND PETERBOROUGH NHS FOUNDATION TRUST,14,14,1,1.224504615,1.19
202208,Lithium carbonate 400mg modified-release tablets,0402030K0AAAFAF,RW400,MERSEY CARE NHS FOUNDATION TRUST,14,14,1,1.224504615,1.19
202208,Lithium carbonate 400mg modified-release tablets,0402030K0AAAFAF,RWV00,DEVON PARTNERSHIP NHS TRUST,14,14,1,1.224504615,1.19
202208,Lithium carbonate 400mg modified-release tablets,0402030K0AAAFAF,RXV00,GREATER MANCHESTER MENTAL HEALTH NHS FOUNDATION TRUST,14,14,1,1.224504615,1.19
202208,Lithium carbonate 400mg modified-release tablets,0402030K0AAAFAF,RXY00,KENT AND MEDWAY NHS AND SOCIAL CARE PARTNERSHIP TRUST,14,14,1,1.224504615,1.19
202208,Lithium carbonate 400mg modified-release tablets,0402030K0AAAFAF,RX200,SUSSEX PARTNERSHIP NHS FOUNDATION TRUST,14,14,1,1.224504615,1.19
202208,Lithium carbonate 400mg modified-release tablets,0402030K0AAAFAF,RAT00,NORTH EAST LONDON NHS FOUNDATION TRUST,7,7,1,0.673125016,0.6
202208,Lithium carbonate 400mg modified-release tablets,0402030K0AAAFAF,RDY00,DORSET HEALTHCARE UNIVERSITY NHS FOUNDATION TRUST,7,7,1,0.673125016,0.6
202208,Lithium carbonate 400mg modified-release tablets,0402030K0AAAFAF,RNU00,OXFORD HEALTH NHS FOUNDATION TRUST,7,7,1,0.673125016,0.6
202208,Lithium carbonate 400mg modified-release tablets,0402030K0AAAFAF,RRQ00,CAMDEN AND ISLINGTON NHS FOUNDATION TRUST,7,7,1,0.673125016,0.6
202208,Lithium carbonate 400mg modified-release tablets,0402030K0AAAFAF,RWV00,DEVON PARTNERSHIP NHS TRUST,7,7,1,0.673125016,0.6
202208,Lithium carbonate 400mg modified-release tablets,0402030K0AAAFAF,RX300,TEES ESK AND WEAR VALLEYS NHS FOUNDATION TRUST,7,7,1,0.673125016,0.6
202208,Lithium carbonate 400mg modified-release tablets,0402030K0AAAFAF,RXA00,CHESHIRE & WIRRAL PARTNERSHIP NHS FOUNDATION TRUST,7,7,1,0.673125016,0.6
202208,Lithium carbonate 400mg modified-release tablets,0402030K0AAAFAF,RX200,SUSSEX PARTNERSHIP NHS FOUNDATION TRUST,7,7,1,0.673125016,0.6
202208,Lithium carbonate 400mg modified-release tablets,0402030K0AAAFAF,RXG00,SOUTH WEST YORKSHIRE PARTNERSHIP NHS FOUNDATION TRUST,7,7,1,0.673125016,0.6
202208,Lithium carbonate 400mg modified-release tablets,0402030K0AAAFAF,RXX00,SURREY AND BORDERS PARTNERSHIP NHS FOUNDATION TRUST,7,7,1,0.673125016,0.6
202208,Lithium carbonate 400mg modified-release tablets,0402030K0AAAFAF,RW100,SOUTHERN HEALTH NHS FOUNDATION TRUST,7,14,2,1.346250032,1.2
202208,Lithium carbonate 400mg modified-release tablets,0402030K0AAAFAF,RXV00,GREATER MANCHESTER MENTAL HEALTH NHS FOUNDATION TRUST,7,14,2,1.346250032,1.2
202208,Lithium carbonate 400mg modified-release tablets,0402030K0AAAFAF,RV500,SOUTH LONDON AND MAUDSLEY NHS FOUNDATION TRUST,7,14,2,1.346250032,1.2
202208,Lithium carbonate 450mg modified-release tablets,0402030K0AAAGAG,RKL00,WEST LONDON NHS TRUST,7,14,2,2.804135073,2.76
202208,Lithium carbonate 450mg modified-release tablets,0402030K0AAAGAG,RHA00,NOTTINGHAMSHIRE HEALTHCARE NHS FOUNDATION TRUST,56,56,1,10.43908571,11.05
202208,Lithium carbonate 450mg modified-release tablets,0402030K0AAAGAG,RV500,SOUTH LONDON AND MAUDSLEY NHS FOUNDATION TRUST,56,56,1,10.43908571,11.05
202208,Lithium carbonate 450mg modified-release tablets,0402030K0AAAGAG,RKL00,WEST LONDON NHS TRUST,14,28,2,5.383470147,5.52
202208,Lithium carbonate 200mg modified-release tablets,0402030K0AAAIAI,RNU00,OXFORD HEALTH NHS FOUNDATION TRUST,70,70,1,5.01874389,5.25
202208,Lithium carbonate 200mg modified-release tablets,0402030K0AAAIAI,RPG00,OXLEAS NHS FOUNDATION TRUST,70,70,1,5.01874389,5.25
202208,Lithium carbonate 200mg modified-release tablets,0402030K0AAAIAI,RMY00,NORFOLK AND SUFFOLK NHS FOUNDATION TRUST,11,11,1,0.888069605,0.83
202208,Lithium carbonate 200mg modified-release tablets,0402030K0AAAIAI,RTG00,UNIVERSITY HOSPITALS OF DERBY AND BURTON NHS FOUNDATION TRUST,11,11,1,0.888069605,0.83
202208,Lithium carbonate 200mg modified-release tablets,0402030K0AAAIAI,RX300,TEES ESK AND WEAR VALLEYS NHS FOUNDATION TRUST,11,11,1,0.888069605,0.83
202208,Lithium carbonate 200mg modified-release tablets,0402030K0AAAIAI,RT100,CAMBRIDGESHIRE AND PETERBOROUGH NHS FOUNDATION TRUST,10,10,1,0.81330627,0.75
202208,Lithium carbonate 200mg modified-release tablets,0402030K0AAAIAI,RV500,SOUTH LONDON AND MAUDSLEY NHS FOUNDATION TRUST,7,112,16,9.723313559,8.48
202208,Lithium carbonate 200mg modified-release tablets,0402030K0AAAIAI,RWR00,HERTFORDSHIRE PARTNERSHIP UNIVERSITY NHS FOUNDATION TRUST,7,35,5,3.038535487,2.65
202208,Lithium carbonate 200mg modified-release tablets,0402030K0AAAIAI,RKL00,WEST LONDON NHS TRUST,14,28,2,2.187337556,2.1
202208,Lithium carbonate 200mg modified-release tablets,0402030K0AAAIAI,RWK00,EAST LONDON NHS FOUNDATION TRUST,14,28,2,2.187337556,2.1
202208,Lithium carbonate 200mg modified-release tablets,0402030K0AAAIAI,RAT00,NORTH EAST LONDON NHS FOUNDATION TRUST,14,56,4,4.374675112,4.2
202208,Lithium carbonate 200mg modified-release tablets,0402030K0AAAIAI,RHA00,NOTTINGHAMSHIRE HEALTHCARE NHS FOUNDATION TRUST,14,14,1,1.093668778,1.05
202208,Lithium carbonate 200mg modified-release tablets,0402030K0AAAIAI,RRP00,BARNET ENFIELD AND HARINGEY MENTAL HEALTH NHS TRUST,14,14,1,1.093668778,1.05
202208,Lithium carbonate 200mg modified-release tablets,0402030K0AAAIAI,RW400,MERSEY CARE NHS FOUNDATION TRUST,14,14,1,1.093668778,1.05
202208,Lithium carbonate 200mg modified-release tablets,0402030K0AAAIAI,RT200,PENNINE CARE NHS FOUNDATION TRUST,14,14,1,1.093668778,1.05
202208,Lithium carbonate 200mg modified-release tablets,0402030K0AAAIAI,RW100,SOUTHERN HEALTH NHS FOUNDATION TRUST,14,14,1,1.093668778,1.05
202208,Lithium carbonate 200mg modified-release tablets,0402030K0AAAIAI,RWX00,BERKSHIRE HEALTHCARE NHS FOUNDATION TRUST,14,14,1,1.093668778,1.05
202208,Lithium carbonate 200mg modified-release tablets,0402030K0AAAIAI,RX200,SUSSEX PARTNERSHIP NHS FOUNDATION TRUST,14,14,1,1.093668778,1.05
202208,Lithium carbonate 200mg modified-release tablets,0402030K0AAAIAI,RXT00,BIRMINGHAM AND SOLIHULL MENTAL HEALTH NHS FOUNDATION TRUST,14,14,1,1.093668778,1.05
202208,Lithium carbonate 200mg modified-release tablets,0402030K0AAAIAI,RYK00,DUDLEY INTEGRATED HEALTH AND CARE NHS TRUST,14,14,1,1.093668778,1.05
202208,Lithium carbonate 200mg modified-release tablets,0402030K0AAAIAI,RT500,LEICESTERSHIRE PARTNERSHIP NHS TRUST,14,14,1,1.093668778,1.05
202208,Lithium carbonate 200mg modified-release tablets,0402030K0AAAIAI,RXG00,SOUTH WEST YORKSHIRE PARTNERSHIP NHS FOUNDATION TRUST,14,14,1,1.093668778,1.05
202208,Lithium carbonate 200mg modified-release tablets,0402030K0AAAIAI,RN700,DARTFORD AND GRAVESHAM NHS TRUST,14,14,1,1.093668778,1.05
202208,Lithium carbonate 200mg modified-release tablets,0402030K0AAAIAI,RWR00,HERTFORDSHIRE PARTNERSHIP UNIVERSITY NHS FOUNDATION TRUST,14,14,1,1.093668778,1.05
202208,Lithium carbonate 200mg modified-release tablets,0402030K0AAAIAI,RXV00,GREATER MANCHESTER MENTAL HEALTH NHS FOUNDATION TRUST,14,14,1,1.093668778,1.05
202208,Lithium carbonate 200mg modified-release tablets,0402030K0AAAIAI,RKL00,WEST LONDON NHS TRUST,7,14,2,1.215414195,1.06
202208,Lithium carbonate 200mg modified-release tablets,0402030K0AAAIAI,RW100,SOUTHERN HEALTH NHS FOUNDATION TRUST,7,14,2,1.215414195,1.06
202208,Lithium carbonate 200mg modified-release tablets,0402030K0AAAIAI,RXV00,GREATER MANCHESTER MENTAL HEALTH NHS FOUNDATION TRUST,7,14,2,1.215414195,1.06
202208,Lithium carbonate 200mg modified-release tablets,0402030K0AAAIAI,RW400,MERSEY CARE NHS FOUNDATION TRUST,28,140,5,10.37468778,10.5
202208,Lithium carbonate 200mg modified-release tablets,0402030K0AAAIAI,RW500,LANCASHIRE & SOUTH CUMBRIA NHS FOUNDATION TRUST,28,140,5,10.37468778,10.5
202208,Lithium carbonate 200mg modified-release tablets,0402030K0AAAIAI,RNU00,OXFORD HEALTH NHS FOUNDATION TRUST,18,18,1,1.374031286,1.35
202208,Lithium carbonate 200mg modified-release tablets,0402030K0AAAIAI,RRQ00,CAMDEN AND ISLINGTON NHS FOUNDATION TRUST,150,150,1,10.62599405,11.25
202208,Lithium carbonate 200mg modified-release tablets,0402030K0AAAIAI,RT200,PENNINE CARE NHS FOUNDATION TRUST,84,84,1,6.000012668,6.3
202208,Lithium carbonate 200mg modified-release tablets,0402030K0AAAIAI,RH500,SOMERSET NHS FOUNDATION TRUST,84,84,1,6.000012668,6.3
202208,Lithium carbonate 200mg modified-release tablets,0402030K0AAAIAI,R1L00,ESSEX PARTNERSHIP UNIVERSITY NHS FOUNDATION TRUST,84,84,1,6.000012668,6.3
202208,Lithium carbonate 200mg modified-release tablets,0402030K0AAAIAI,RW400,MERSEY CARE NHS FOUNDATION TRUST,84,84,1,6.000012668,6.3
202208,Lithium carbonate 200mg modified-release tablets,0402030K0AAAIAI,RVN00,AVON AND WILTSHIRE MENTAL HEALTH PARTNERSHIP NHS TRUST,84,84,1,6.000012668,6.3
202208,Lithium carbonate 200mg modified-release tablets,0402030K0AAAIAI,RV500,SOUTH LONDON AND MAUDSLEY NHS FOUNDATION TRUST,84,84,1,6.000012668,6.3
202208,Lithium carbonate 200mg modified-release tablets,0402030K0AAAIAI,RRP00,BARNET ENFIELD AND HARINGEY MENTAL HEALTH NHS TRUST,84,84,1,6.000012668,6.3
202208,Lithium carbonate 200mg modified-release tablets,0402030K0AAAIAI,RXT00,BIRMINGHAM AND SOLIHULL MENTAL HEALTH NHS FOUNDATION TRUST,84,84,1,6.000012668,6.3
202208,Lithium carbonate 200mg modified-release tablets,0402030K0AAAIAI,RXV00,GREATER MANCHESTER MENTAL HEALTH NHS FOUNDATION TRUST,84,84,1,6.000012668,6.3
202208,Lithium carbonate 200mg modified-release tablets,0402030K0AAAIAI,RX400,CUMBRIANORTHUMBERLANDTYNE AND WEAR NHS FOUNDATION TRUST,84,84,1,6.000012668,6.3
202208,Lithium carbonate 200mg modified-release tablets,0402030K0AAAIAI,RRE00,MIDLANDS PARTNERSHIP NHS FOUNDATION TRUST,28,28,1,1.974937556,2.1
202208,Lithium carbonate 200mg modified-release tablets,0402030K0AAAIAI,R1F00,ISLE OF WIGHT NHS TRUST,42,42,1,3.056206334,3.15
202208,Lithium carbonate 200mg modified-release tablets,0402030K0AAAIAI,RPG00,OXLEAS NHS FOUNDATION TRUST,42,42,1,3.056206334,3.15
202208,Lithium carbonate 200mg modified-release tablets,0402030K0AAAIAI,RYK00,DUDLEY INTEGRATED HEALTH AND CARE NHS TRUST,42,42,1,3.056206334,3.15
202208,Lithium carbonate 200mg modified-release tablets,0402030K0AAAIAI,RWK00,EAST LONDON NHS FOUNDATION TRUST,42,42,1,3.056206334,3.15
202208,Lithium carbonate 200mg modified-release tablets,0402030K0AAAIAI,RW100,SOUTHERN HEALTH NHS FOUNDATION TRUST,42,42,1,3.056206334,3.15
202208,Lithium carbonate 200mg modified-release tablets,0402030K0AAAIAI,RXV00,GREATER MANCHESTER MENTAL HEALTH NHS FOUNDATION TRUST,42,42,1,3.056206334,3.15
202208,Lithium carbonate 200mg modified-release tablets,0402030K0AAAIAI,RV500,SOUTH LONDON AND MAUDSLEY NHS FOUNDATION TRUST,42,84,2,6.112412668,6.3
202208,Lithium carbonate 200mg modified-release tablets,0402030K0AAAIAI,RW100,SOUTHERN HEALTH NHS FOUNDATION TRUST,84,168,2,12.00002534,12.6
202208,Lithium carbonate 200mg modified-release tablets,0402030K0AAAIAI,RHA00,NOTTINGHAMSHIRE HEALTHCARE NHS FOUNDATION TRUST,50,50,1,3.61693135,3.75
202208,Lithium carbonate 200mg modified-release tablets,0402030K0AAAIAI,RDY00,DORSET HEALTHCARE UNIVERSITY NHS FOUNDATION TRUST,50,50,1,3.61693135,3.75
202208,Lithium carbonate 200mg modified-release tablets,0402030K0AAAIAI,RYK00,DUDLEY INTEGRATED HEALTH AND CARE NHS TRUST,28,84,3,6.224812668,6.3
202208,Lithium carbonate 200mg modified-release tablets,0402030K0AAAIAI,RXT00,BIRMINGHAM AND SOLIHULL MENTAL HEALTH NHS FOUNDATION TRUST,28,168,6,12.44962534,12.6
202208,Lithium carbonate 200mg modified-release tablets,0402030K0AAAIAI,RRQ00,CAMDEN AND ISLINGTON NHS FOUNDATION TRUST,112,112,1,7.962550223,8.4
202208,Lithium carbonate 200mg modified-release tablets,0402030K0AAAIAI,RXG00,SOUTH WEST YORKSHIRE PARTNERSHIP NHS FOUNDATION TRUST,112,112,1,7.962550223,8.4
202208,Lithium carbonate 200mg modified-release tablets,0402030K0AAAIAI,RHA00,NOTTINGHAMSHIRE HEALTHCARE NHS FOUNDATION TRUST,240,240,1,16.93415048,18
202208,Lithium carbonate 200mg modified-release tablets,0402030K0AAAIAI,RXV00,GREATER MANCHESTER MENTAL HEALTH NHS FOUNDATION TRUST,3,3,1,0.327344589,0.23
202208,Lithium carbonate 200mg modified-release tablets,0402030K0AAAIAI,RKL00,WEST LONDON NHS TRUST,2,2,1,0.252581254,0.15
202208,Lithium carbonate 200mg modified-release tablets,0402030K0AAAIAI,RV500,SOUTH LONDON AND MAUDSLEY NHS FOUNDATION TRUST,2,2,1,0.252581254,0.15
202208,Lithium carbonate 200mg modified-release tablets,0402030K0AAAIAI,RYK00,DUDLEY INTEGRATED HEALTH AND CARE NHS TRUST,2,2,1,0.252581254,0.15
202208,Lithium carbonate 200mg modified-release tablets,0402030K0AAAIAI,RX300,TEES ESK AND WEAR VALLEYS NHS FOUNDATION TRUST,21,63,3,4.766927626,4.74
202208,Lithium carbonate 200mg modified-release tablets,0402030K0AAAIAI,RDY00,DORSET HEALTHCARE UNIVERSITY NHS FOUNDATION TRUST,60,60,1,4.31783762,4.5
202208,Lithium carbonate 200mg modified-release tablets,0402030K0AAAIAI,RW400,MERSEY CARE NHS FOUNDATION TRUST,17,17,1,1.308613367,1.28
202208,Lithium carbonate 200mg modified-release tablets,0402030K0AAAIAI,RDY00,DORSET HEALTHCARE UNIVERSITY NHS FOUNDATION TRUST,30,30,1,2.21511881,2.25
202208,Lithium carbonate 200mg modified-release tablets,0402030K0AAAIAI,RVN00,AVON AND WILTSHIRE MENTAL HEALTH PARTNERSHIP NHS TRUST,30,30,1,2.21511881,2.25
202208,Lithium carbonate 200mg modified-release tablets,0402030K0AAAIAI,RW100,SOUTHERN HEALTH NHS FOUNDATION TRUST,30,30,1,2.21511881,2.25
202208,Lithium carbonate 200mg modified-release tablets,0402030K0AAAIAI,RAT00,NORTH EAST LONDON NHS FOUNDATION TRUST,21,21,1,1.588975875,1.58
202208,Lithium carbonate 200mg modified-release tablets,0402030K0AAAIAI,RW500,LANCASHIRE & SOUTH CUMBRIA NHS FOUNDATION TRUST,21,21,1,1.588975875,1.58
202208,Lithium carbonate 200mg modified-release tablets,0402030K0AAAIAI,RWR00,HERTFORDSHIRE PARTNERSHIP UNIVERSITY NHS FOUNDATION TRUST,4,16,4,1.571050032,1.2
202208,Lithium carbonate 200mg modified-release tablets,0402030K0AAAIAI,R1F00,ISLE OF WIGHT NHS TRUST,35,35,1,2.570244653,2.63
202208,Lithium carbonate 200mg modified-release tablets,0402030K0AAAIAI,R1F00,ISLE OF WIGHT NHS TRUST,63,63,1,4.532782209,4.73
202208,Lithium carbonate 200mg modified-release tablets,0402030K0AAAIAI,RAT00,NORTH EAST LONDON NHS FOUNDATION TRUST,63,63,1,4.532782209,4.73
202208,Lithium carbonate 200mg modified-release tablets,0402030K0AAAIAI,RV500,SOUTH LONDON AND MAUDSLEY NHS FOUNDATION TRUST,63,63,1,4.532782209,4.73
202208,Lithium carbonate 200mg modified-release tablets,0402030K0AAAIAI,RW100,SOUTHERN HEALTH NHS FOUNDATION TRUST,21,84,4,6.355903501,6.32
202208,Lithium carbonate 200mg modified-release tablets,0402030K0AAAIAI,RXA00,CHESHIRE & WIRRAL PARTNERSHIP NHS FOUNDATION TRUST,25,25,1,1.869338383,1.88
202208,Lithium carbonate 200mg modified-release tablets,0402030K0AAAIAI,RW400,MERSEY CARE NHS FOUNDATION TRUST,21,42,2,3.177951751,3.16
202208,Lithium carbonate 200mg modified-release tablets,0402030K0AAAIAI,RXV00,GREATER MANCHESTER MENTAL HEALTH NHS FOUNDATION TRUST,21,42,2,3.177951751,3.16
202208,Lithium carbonate 200mg modified-release tablets,0402030K0AAAIAI,RMY00,NORFOLK AND SUFFOLK NHS FOUNDATION TRUST,56,112,2,8.074950223,8.4
202208,Lithium carbonate 200mg modified-release tablets,0402030K0AAAIAI,RV500,SOUTH LONDON AND MAUDSLEY NHS FOUNDATION TRUST,56,112,2,8.074950223,8.4
202208,Lithium carbonate 200mg modified-release tablets,0402030K0AAAIAI,RRQ00,CAMDEN AND ISLINGTON NHS FOUNDATION TRUST,56,56,1,4.037475112,4.2
202208,Lithium carbonate 200mg modified-release tablets,0402030K0AAAIAI,R1L00,ESSEX PARTNERSHIP UNIVERSITY NHS FOUNDATION TRUST,56,56,1,4.037475112,4.2
202208,Lithium carbonate 200mg modified-release tablets,0402030K0AAAIAI,RHA00,NOTTINGHAMSHIRE HEALTHCARE NHS FOUNDATION TRUST,56,56,1,4.037475112,4.2
202208,Lithium carbonate 200mg modified-release tablets,0402030K0AAAIAI,RDY00,DORSET HEALTHCARE UNIVERSITY NHS FOUNDATION TRUST,56,56,1,4.037475112,4.2
202208,Lithium carbonate 200mg modified-release tablets,0402030K0AAAIAI,RXY00,KENT AND MEDWAY NHS AND SOCIAL CARE PARTNERSHIP TRUST,56,56,1,4.037475112,4.2
202208,Lithium carbonate 200mg modified-release tablets,0402030K0AAAIAI,RXT00,BIRMINGHAM AND SOLIHULL MENTAL HEALTH NHS FOUNDATION TRUST,56,56,1,4.037475112,4.2
202208,Lithium carbonate 200mg modified-release tablets,0402030K0AAAIAI,RV500,SOUTH LONDON AND MAUDSLEY NHS FOUNDATION TRUST,126,126,1,8.943819001,9.45
202208,Lithium carbonate 200mg modified-release tablets,0402030K0AAAIAI,RX300,TEES ESK AND WEAR VALLEYS NHS FOUNDATION TRUST,126,126,1,8.943819001,9.45
202208,Lithium carbonate 200mg modified-release tablets,0402030K0AAAIAI,RXT00,BIRMINGHAM AND SOLIHULL MENTAL HEALTH NHS FOUNDATION TRUST,90,90,1,6.42055643,6.75
202208,Lithium carbonate 200mg modified-release tablets,0402030K0AAAIAI,RDY00,DORSET HEALTHCARE UNIVERSITY NHS FOUNDATION TRUST,100,100,1,7.0214627,7.5
202208,Lithium carbonate 200mg modified-release tablets,0402030K0AAAIAI,RDY00,DORSET HEALTHCARE UNIVERSITY NHS FOUNDATION TRUST,28,28,1,2.074937556,2.1
202208,Lithium carbonate 200mg modified-release tablets,0402030K0AAAIAI,RQY00,SOUTH WEST LONDON AND ST GEORGE'S MENTAL HEALTH NHS TRUST,28,28,1,2.074937556,2.1
202208,Lithium carbonate 200mg modified-release tablets,0402030K0AAAIAI,RK700,SHEFFIELD HEALTH AND SOCIAL CARE NHS FOUNDATION TRUST,28,28,1,2.074937556,2.1
202208,Lithium carbonate 200mg modified-release tablets,0402030K0AAAIAI,RRP00,BARNET ENFIELD AND HARINGEY MENTAL HEALTH NHS TRUST,28,28,1,2.074937556,2.1
202208,Lithium carbonate 200mg modified-release tablets,0402030K0AAAIAI,RRQ00,CAMDEN AND ISLINGTON NHS FOUNDATION TRUST,28,28,1,2.074937556,2.1
202208,Lithium carbonate 200mg modified-release tablets,0402030K0AAAIAI,RT500,LEICESTERSHIRE PARTNERSHIP NHS TRUST,28,28,1,2.074937556,2.1
202208,Lithium carbonate 200mg modified-release tablets,0402030K0AAAIAI,RW100,SOUTHERN HEALTH NHS FOUNDATION TRUST,28,28,1,2.074937556,2.1
202208,Lithium carbonate 200mg modified-release tablets,0402030K0AAAIAI,RWX00,BERKSHIRE HEALTHCARE NHS FOUNDATION TRUST,28,28,1,2.074937556,2.1
202208,Lithium carbonate 200mg modified-release tablets,0402030K0AAAIAI,RX200,SUSSEX PARTNERSHIP NHS FOUNDATION TRUST,28,28,1,2.074937556,2.1
202208,Lithium carbonate 200mg modified-release tablets,0402030K0AAAIAI,RHA00,NOTTINGHAMSHIRE HEALTHCARE NHS FOUNDATION TRUST,28,56,2,4.149875112,4.2
202208,Lithium carbonate 200mg modified-release tablets,0402030K0AAAIAI,RXY00,KENT AND MEDWAY NHS AND SOCIAL CARE PARTNERSHIP TRUST,28,56,2,4.149875112,4.2
202208,Lithium carbonate 200mg modified-release tablets,0402030K0AAAIAI,RWR00,HERTFORDSHIRE PARTNERSHIP UNIVERSITY NHS FOUNDATION TRUST,28,56,2,4.149875112,4.2
202208,Lithium carbonate 200mg modified-release tablets,0402030K0AAAIAI,RAT00,NORTH EAST LONDON NHS FOUNDATION TRUST,7,7,1,0.607707097,0.53
202208,Lithium carbonate 200mg modified-release tablets,0402030K0AAAIAI,RDY00,DORSET HEALTHCARE UNIVERSITY NHS FOUNDATION TRUST,7,7,1,0.607707097,0.53
202208,Lithium carbonate 200mg modified-release tablets,0402030K0AAAIAI,RNU00,OXFORD HEALTH NHS FOUNDATION TRUST,7,7,1,0.607707097,0.53
202208,Lithium carbonate 200mg modified-release tablets,0402030K0AAAIAI,RT100,CAMBRIDGESHIRE AND PETERBOROUGH NHS FOUNDATION TRUST,7,7,1,0.607707097,0.53
202208,Lithium carbonate 200mg modified-release tablets,0402030K0AAAIAI,RV900,HUMBER TEACHING NHS FOUNDATION TRUST,7,7,1,0.607707097,0.53
202208,Lithium carbonate 200mg modified-release tablets,0402030K0AAAIAI,RXG00,SOUTH WEST YORKSHIRE PARTNERSHIP NHS FOUNDATION TRUST,7,7,1,0.607707097,0.53
202208,Lithium carbonate 200mg modified-release tablets,0402030K0AAAIAI,RW400,MERSEY CARE NHS FOUNDATION TRUST,7,7,1,0.607707097,0.53
202208,Lithium carbonate 200mg modified-release tablets,0402030K0AAAIAI,RX200,SUSSEX PARTNERSHIP NHS FOUNDATION TRUST,7,7,1,0.607707097,0.53
202208,Lithium carbonate 200mg modified-release tablets,0402030K0AAAIAI,RXT00,BIRMINGHAM AND SOLIHULL MENTAL HEALTH NHS FOUNDATION TRUST,7,7,1,0.607707097,0.53
202208,Lithium carbonate 200mg modified-release tablets,0402030K0AAAIAI,RXY00,KENT AND MEDWAY NHS AND SOCIAL CARE PARTNERSHIP TRUST,7,7,1,0.607707097,0.53
202208,Lithium carbonate 200mg modified-release tablets,0402030K0AAAIAI,RX300,TEES ESK AND WEAR VALLEYS NHS FOUNDATION TRUST,7,7,1,0.607707097,0.53
202208,Lithium carbonate 200mg modified-release tablets,0402030K0AAAIAI,RXT00,BIRMINGHAM AND SOLIHULL MENTAL HEALTH NHS FOUNDATION TRUST,6,6,1,0.532943762,0.45
202208,Lithium carbonate 200mg modified-release tablets,0402030K0AAAIAI,RV500,SOUTH LONDON AND MAUDSLEY NHS FOUNDATION TRUST,28,224,8,16.59950045,16.8
202208,Lithium carbonate 200mg modified-release tablets,0402030K0AAAIAI,R1F00,ISLE OF WIGHT NHS TRUST,140,140,1,9.925087779,10.5
202208,Lithium carbonate 200mg modified-release tablets,0402030K0AAAIAI,RXT00,BIRMINGHAM AND SOLIHULL MENTAL HEALTH NHS FOUNDATION TRUST,140,140,1,9.925087779,10.5
202208,Lithium carbonate 200mg modified-release tablets,0402030K0AAAIAI,RXV00,GREATER MANCHESTER MENTAL HEALTH NHS FOUNDATION TRUST,140,140,1,9.925087779,10.5
202208,Camcolit 400 modified-release tablets,0402030K0BBABAF,RW500,LANCASHIRE & SOUTH CUMBRIA NHS FOUNDATION TRUST,21,84,4,37.83024774,40.48
202208,Camcolit 400 modified-release tablets,0402030K0BBABAF,RXX00,SURREY AND BORDERS PARTNERSHIP NHS FOUNDATION TRUST,14,14,1,6.42055643,6.75
202208,Camcolit 400 modified-release tablets,0402030K0BBABAF,RX400,CUMBRIANORTHUMBERLANDTYNE AND WEAR NHS FOUNDATION TRUST,56,56,1,25.32633488,26.98
202208,Camcolit 400 modified-release tablets,0402030K0BBABAF,RXM00,DERBYSHIRE HEALTHCARE NHS FOUNDATION TRUST,56,56,1,25.32633488,26.98
202208,Camcolit 400 modified-release tablets,0402030K0BBABAF,RXG00,SOUTH WEST YORKSHIRE PARTNERSHIP NHS FOUNDATION TRUST,28,28,1,12.71936744,13.49
202208,Camcolit 400 modified-release tablets,0402030K0BBABAF,RT500,LEICESTERSHIRE PARTNERSHIP NHS TRUST,28,28,1,12.71936744,13.49
202208,Camcolit 400 modified-release tablets,0402030K0BBABAF,RX300,TEES ESK AND WEAR VALLEYS NHS FOUNDATION TRUST,28,56,2,25.43873488,26.98
202208,Liskonum 450mg modified-release tablets,0402030K0BDAAAG,RH500,SOMERSET NHS FOUNDATION TRUST,112,112,1,20.76577142,22.1
202208,Liskonum 450mg modified-release tablets,0402030K0BDAAAG,RV500,SOUTH LONDON AND MAUDSLEY NHS FOUNDATION TRUST,60,60,1,11.07737365,11.84
202208,Priadel 400mg modified-release tablets,0402030K0BFAAAF,RW500,LANCASHIRE & SOUTH CUMBRIA NHS FOUNDATION TRUST,56,784,14,63.85145844,66.64
202208,Priadel 400mg modified-release tablets,0402030K0BFAAAF,RWX00,BERKSHIRE HEALTHCARE NHS FOUNDATION TRUST,1,1,1,0.196508752,0.09
202208,Priadel 400mg modified-release tablets,0402030K0BFAAAF,RW500,LANCASHIRE & SOUTH CUMBRIA NHS FOUNDATION TRUST,28,392,14,32.37532922,33.32
202208,Priadel 400mg modified-release tablets,0402030K0BFAAAF,RVN00,AVON AND WILTSHIRE MENTAL HEALTH PARTNERSHIP NHS TRUST,31,31,1,2.57959007,2.64
202208,Priadel 400mg modified-release tablets,0402030K0BFAAAF,RX200,SUSSEX PARTNERSHIP NHS FOUNDATION TRUST,120,120,1,9.644725271,10.2
202208,Priadel 400mg modified-release tablets,0402030K0BFAAAF,RRE00,MIDLANDS PARTNERSHIP NHS FOUNDATION TRUST,120,120,1,9.644725271,10.2
202208,Priadel 400mg modified-release tablets,0402030K0BFAAAF,RV500,SOUTH LONDON AND MAUDSLEY NHS FOUNDATION TRUST,28,196,7,16.35626461,16.66
202208,Priadel 400mg modified-release tablets,0402030K0BFAAAF,RRE00,MIDLANDS PARTNERSHIP NHS FOUNDATION TRUST,60,120,2,9.757125271,10.2
202208,Priadel 400mg modified-release tablets,0402030K0BFAAAF,RK700,SHEFFIELD HEALTH AND SOCIAL CARE NHS FOUNDATION TRUST,60,120,2,9.757125271,10.2
202208,Priadel 400mg modified-release tablets,0402030K0BFAAAF,RV500,SOUTH LONDON AND MAUDSLEY NHS FOUNDATION TRUST,60,120,2,9.757125271,10.2
202208,Priadel 400mg modified-release tablets,0402030K0BFAAAF,RXV00,GREATER MANCHESTER MENTAL HEALTH NHS FOUNDATION TRUST,60,120,2,9.757125271,10.2
202208,Priadel 400mg modified-release tablets,0402030K0BFAAAF,RX200,SUSSEX PARTNERSHIP NHS FOUNDATION TRUST,60,120,2,9.757125271,10.2
202208,Priadel 400mg modified-release tablets,0402030K0BFAAAF,RV500,SOUTH LONDON AND MAUDSLEY NHS FOUNDATION TRUST,14,154,11,13.46955076,13.09
202208,Priadel 400mg modified-release tablets,0402030K0BFAAAF,RW500,LANCASHIRE & SOUTH CUMBRIA NHS FOUNDATION TRUST,14,154,11,13.46955076,13.09
202208,Priadel 400mg modified-release tablets,0402030K0BFAAAF,RP100,NORTHAMPTONSHIRE HEALTHCARE NHS FOUNDATION TRUST,21,21,1,1.785229631,1.79
202208,Priadel 400mg modified-release tablets,0402030K0BFAAAF,RT100,CAMBRIDGESHIRE AND PETERBOROUGH NHS FOUNDATION TRUST,21,21,1,1.785229631,1.79
202208,Priadel 400mg modified-release tablets,0402030K0BFAAAF,RXT00,BIRMINGHAM AND SOLIHULL MENTAL HEALTH NHS FOUNDATION TRUST,21,21,1,1.785229631,1.79
202208,Priadel 400mg modified-release tablets,0402030K0BFAAAF,RW100,SOUTHERN HEALTH NHS FOUNDATION TRUST,21,21,1,1.785229631,1.79
202208,Priadel 400mg modified-release tablets,0402030K0BFAAAF,RWV00,DEVON PARTNERSHIP NHS TRUST,21,21,1,1.785229631,1.79
202208,Priadel 400mg modified-release tablets,0402030K0BFAAAF,RXA00,CHESHIRE & WIRRAL PARTNERSHIP NHS FOUNDATION TRUST,21,21,1,1.785229631,1.79
202208,Priadel 400mg modified-release tablets,0402030K0BFAAAF,R1L00,ESSEX PARTNERSHIP UNIVERSITY NHS FOUNDATION TRUST,60,60,1,4.878562636,5.1
202208,Priadel 400mg modified-release tablets,0402030K0BFAAAF,RWV00,DEVON PARTNERSHIP NHS TRUST,60,60,1,4.878562636,5.1
202208,Priadel 400mg modified-release tablets,0402030K0BFAAAF,RX300,TEES ESK AND WEAR VALLEYS NHS FOUNDATION TRUST,60,60,1,4.878562636,5.1
202208,Priadel 400mg modified-release tablets,0402030K0BFAAAF,RX200,SUSSEX PARTNERSHIP NHS FOUNDATION TRUST,56,280,5,22.8040923,23.8
202208,Priadel 400mg modified-release tablets,0402030K0BFAAAF,RVN00,AVON AND WILTSHIRE MENTAL HEALTH PARTNERSHIP NHS TRUST,56,280,5,22.8040923,23.8
202208,Priadel 400mg modified-release tablets,0402030K0BFAAAF,R1L00,ESSEX PARTNERSHIP UNIVERSITY NHS FOUNDATION TRUST,90,90,1,7.261643954,7.65
202208,Priadel 400mg modified-release tablets,0402030K0BFAAAF,RT200,PENNINE CARE NHS FOUNDATION TRUST,90,90,1,7.261643954,7.65
202208,Priadel 400mg modified-release tablets,0402030K0BFAAAF,RHA00,NOTTINGHAMSHIRE HEALTHCARE NHS FOUNDATION TRUST,180,180,1,14.41088791,15.3
202208,Priadel 400mg modified-release tablets,0402030K0BFAAAF,R1L00,ESSEX PARTNERSHIP UNIVERSITY NHS FOUNDATION TRUST,30,30,1,2.495481318,2.55
202208,Priadel 400mg modified-release tablets,0402030K0BFAAAF,RMY00,NORFOLK AND SUFFOLK NHS FOUNDATION TRUST,30,30,1,2.495481318,2.55
202208,Priadel 400mg modified-release tablets,0402030K0BFAAAF,RW400,MERSEY CARE NHS FOUNDATION TRUST,30,30,1,2.495481318,2.55
202208,Priadel 400mg modified-release tablets,0402030K0BFAAAF,RX300,TEES ESK AND WEAR VALLEYS NHS FOUNDATION TRUST,30,30,1,2.495481318,2.55
202208,Priadel 400mg modified-release tablets,0402030K0BFAAAF,RWV00,DEVON PARTNERSHIP NHS TRUST,30,60,2,4.990962636,5.1
202208,Priadel 400mg modified-release tablets,0402030K0BFAAAF,RX300,TEES ESK AND WEAR VALLEYS NHS FOUNDATION TRUST,14,98,7,8.571532305,8.33
202208,Priadel 400mg modified-release tablets,0402030K0BFAAAF,RXA00,CHESHIRE & WIRRAL PARTNERSHIP NHS FOUNDATION TRUST,7,35,5,3.36562508,3
202208,Priadel 400mg modified-release tablets,0402030K0BFAAAF,RV500,SOUTH LONDON AND MAUDSLEY NHS FOUNDATION TRUST,7,35,5,3.36562508,3
202208,Priadel 400mg modified-release tablets,0402030K0BFAAAF,RV500,SOUTH LONDON AND MAUDSLEY NHS FOUNDATION TRUST,63,63,1,5.121543476,5.36
202208,Priadel 400mg modified-release tablets,0402030K0BFAAAF,RXG00,SOUTH WEST YORKSHIRE PARTNERSHIP NHS FOUNDATION TRUST,28,140,5,11.68304615,11.9
202208,Priadel 400mg modified-release tablets,0402030K0BFAAAF,RXM00,DERBYSHIRE HEALTHCARE NHS FOUNDATION TRUST,28,280,10,23.3660923,23.8
202208,Priadel 400mg modified-release tablets,0402030K0BFAAAF,RV500,SOUTH LONDON AND MAUDSLEY NHS FOUNDATION TRUST,42,210,5,17.24356922,17.85
202208,Priadel 400mg modified-release tablets,0402030K0BFAAAF,RVN00,AVON AND WILTSHIRE MENTAL HEALTH PARTNERSHIP NHS TRUST,5,10,2,1.028505856,0.86
202208,Priadel 400mg modified-release tablets,0402030K0BFAAAF,RWK00,EAST LONDON NHS FOUNDATION TRUST,42,126,3,10.34614153,10.71
202208,Priadel 400mg modified-release tablets,0402030K0BFAAAF,RX400,CUMBRIANORTHUMBERLANDTYNE AND WEAR NHS FOUNDATION TRUST,7,49,7,4.711875112,4.2
202208,Priadel 400mg modified-release tablets,0402030K0BFAAAF,RX400,CUMBRIANORTHUMBERLANDTYNE AND WEAR NHS FOUNDATION TRUST,84,252,3,20.35508307,21.42
202208,Priadel 400mg modified-release tablets,0402030K0BFAAAF,RX300,TEES ESK AND WEAR VALLEYS NHS FOUNDATION TRUST,56,1008,18,82.09473228,85.68
202208,Priadel 400mg modified-release tablets,0402030K0BFAAAF,RRE00,MIDLANDS PARTNERSHIP NHS FOUNDATION TRUST,28,364,13,30.37591999,30.94
202208,Priadel 400mg modified-release tablets,0402030K0BFAAAF,RT100,CAMBRIDGESHIRE AND PETERBOROUGH NHS FOUNDATION TRUST,20,20,1,1.701120879,1.7
202208,Priadel 400mg modified-release tablets,0402030K0BFAAAF,RXT00,BIRMINGHAM AND SOLIHULL MENTAL HEALTH NHS FOUNDATION TRUST,20,20,1,1.701120879,1.7
202208,Priadel 400mg modified-release tablets,0402030K0BFAAAF,RWR00,HERTFORDSHIRE PARTNERSHIP UNIVERSITY NHS FOUNDATION TRUST,14,70,5,6.122523075,5.95
202208,Priadel 400mg modified-release tablets,0402030K0BFAAAF,RXV00,GREATER MANCHESTER MENTAL HEALTH NHS FOUNDATION TRUST,14,70,5,6.122523075,5.95
202208,Priadel 400mg modified-release tablets,0402030K0BFAAAF,RW500,LANCASHIRE & SOUTH CUMBRIA NHS FOUNDATION TRUST,112,336,3,27.02771076,28.56
202208,Priadel 400mg modified-release tablets,0402030K0BFAAAF,RDY00,DORSET HEALTHCARE UNIVERSITY NHS FOUNDATION TRUST,84,84,1,6.78502769,7.14
202208,Priadel 400mg modified-release tablets,0402030K0BFAAAF,RT200,PENNINE CARE NHS FOUNDATION TRUST,84,84,1,6.78502769,7.14
202208,Priadel 400mg modified-release tablets,0402030K0BFAAAF,RK700,SHEFFIELD HEALTH AND SOCIAL CARE NHS FOUNDATION TRUST,84,84,1,6.78502769,7.14
202208,Priadel 400mg modified-release tablets,0402030K0BFAAAF,RXM00,DERBYSHIRE HEALTHCARE NHS FOUNDATION TRUST,84,84,1,6.78502769,7.14
202208,Priadel 400mg modified-release tablets,0402030K0BFAAAF,RX300,TEES ESK AND WEAR VALLEYS NHS FOUNDATION TRUST,84,84,1,6.78502769,7.14
202208,Priadel 400mg modified-release tablets,0402030K0BFAAAF,RV300,CENTRA AND NORTH WEST LONDON NHS FOUNDATION TRUST,84,84,1,6.78502769,7.14
202208,Priadel 400mg modified-release tablets,0402030K0BFAAAF,RXV00,GREATER MANCHESTER MENTAL HEALTH NHS FOUNDATION TRUST,84,84,1,6.78502769,7.14
202208,Priadel 400mg modified-release tablets,0402030K0BFAAAF,RV500,SOUTH LONDON AND MAUDSLEY NHS FOUNDATION TRUST,84,84,1,6.78502769,7.14
202208,Priadel 400mg modified-release tablets,0402030K0BFAAAF,RHA00,NOTTINGHAMSHIRE HEALTHCARE NHS FOUNDATION TRUST,84,168,2,13.57005538,14.28
202208,Priadel 400mg modified-release tablets,0402030K0BFAAAF,RWV00,DEVON PARTNERSHIP NHS TRUST,84,168,2,13.57005538,14.28
202208,Priadel 400mg modified-release tablets,0402030K0BFAAAF,RX200,SUSSEX PARTNERSHIP NHS FOUNDATION TRUST,84,168,2,13.57005538,14.28
202208,Priadel 400mg modified-release tablets,0402030K0BFAAAF,RRE00,MIDLANDS PARTNERSHIP NHS FOUNDATION TRUST,84,336,4,27.14011076,28.56
202208,Priadel 400mg modified-release tablets,0402030K0BFAAAF,RX200,SUSSEX PARTNERSHIP NHS FOUNDATION TRUST,28,252,9,21.02948307,21.42
202208,Priadel 400mg modified-release tablets,0402030K0BFAAAF,RX400,CUMBRIANORTHUMBERLANDTYNE AND WEAR NHS FOUNDATION TRUST,28,252,9,21.02948307,21.42
202208,Priadel 400mg modified-release tablets,0402030K0BFAAAF,RX300,TEES ESK AND WEAR VALLEYS NHS FOUNDATION TRUST,28,504,18,42.05896614,42.84
202208,Priadel 400mg modified-release tablets,0402030K0BFAAAF,RH500,SOMERSET NHS FOUNDATION TRUST,56,168,3,13.68245538,14.28
202208,Priadel 400mg modified-release tablets,0402030K0BFAAAF,RNU00,OXFORD HEALTH NHS FOUNDATION TRUST,56,168,3,13.68245538,14.28
202208,Priadel 400mg modified-release tablets,0402030K0BFAAAF,R1L00,ESSEX PARTNERSHIP UNIVERSITY NHS FOUNDATION TRUST,56,168,3,13.68245538,14.28
202208,Priadel 400mg modified-release tablets,0402030K0BFAAAF,RXM00,DERBYSHIRE HEALTHCARE NHS FOUNDATION TRUST,56,168,3,13.68245538,14.28
202208,Priadel 400mg modified-release tablets,0402030K0BFAAAF,RWK00,EAST LONDON NHS FOUNDATION TRUST,56,168,3,13.68245538,14.28
202208,Priadel 400mg modified-release tablets,0402030K0BFAAAF,RXG00,SOUTH WEST YORKSHIRE PARTNERSHIP NHS FOUNDATION TRUST,56,168,3,13.68245538,14.28
202208,Priadel 400mg modified-release tablets,0402030K0BFAAAF,RT200,PENNINE CARE NHS FOUNDATION TRUST,10,30,3,2.720281318,2.55
202208,Priadel 400mg modified-release tablets,0402030K0BFAAAF,RW500,LANCASHIRE & SOUTH CUMBRIA NHS FOUNDATION TRUST,10,30,3,2.720281318,2.55
202208,Priadel 400mg modified-release tablets,0402030K0BFAAAF,RH500,SOMERSET NHS FOUNDATION TRUST,42,42,1,3.448713845,3.57
202208,Priadel 400mg modified-release tablets,0402030K0BFAAAF,RNU00,OXFORD HEALTH NHS FOUNDATION TRUST,42,42,1,3.448713845,3.57
202208,Priadel 400mg modified-release tablets,0402030K0BFAAAF,RXT00,BIRMINGHAM AND SOLIHULL MENTAL HEALTH NHS FOUNDATION TRUST,42,42,1,3.448713845,3.57
202208,Priadel 400mg modified-release tablets,0402030K0BFAAAF,RWV00,DEVON PARTNERSHIP NHS TRUST,42,42,1,3.448713845,3.57
202208,Priadel 400mg modified-release tablets,0402030K0BFAAAF,RX300,TEES ESK AND WEAR VALLEYS NHS FOUNDATION TRUST,42,42,1,3.448713845,3.57
202208,Priadel 400mg modified-release tablets,0402030K0BFAAAF,RX400,CUMBRIANORTHUMBERLANDTYNE AND WEAR NHS FOUNDATION TRUST,42,84,2,6.89742769,7.14
202208,Priadel 400mg modified-release tablets,0402030K0BFAAAF,RXM00,DERBYSHIRE HEALTHCARE NHS FOUNDATION TRUST,42,84,2,6.89742769,7.14
202208,Priadel 400mg modified-release tablets,0402030K0BFAAAF,RXY00,KENT AND MEDWAY NHS AND SOCIAL CARE PARTNERSHIP TRUST,42,84,2,6.89742769,7.14
202208,Priadel 400mg modified-release tablets,0402030K0BFAAAF,RH500,SOMERSET NHS FOUNDATION TRUST,28,28,1,2.22420923,2.38
202208,Priadel 400mg modified-release tablets,0402030K0BFAAAF,RXG00,SOUTH WEST YORKSHIRE PARTNERSHIP NHS FOUNDATION TRUST,10,10,1,0.906760439,0.85
202208,Priadel 400mg modified-release tablets,0402030K0BFAAAF,RX400,CUMBRIANORTHUMBERLANDTYNE AND WEAR NHS FOUNDATION TRUST,10,10,1,0.906760439,0.85
202208,Priadel 400mg modified-release tablets,0402030K0BFAAAF,RHA00,NOTTINGHAMSHIRE HEALTHCARE NHS FOUNDATION TRUST,9,18,2,1.663994208,1.54
202208,Priadel 400mg modified-release tablets,0402030K0BFAAAF,RRE00,MIDLANDS PARTNERSHIP NHS FOUNDATION TRUST,112,112,1,9.00923692,9.52
202208,Priadel 400mg modified-release tablets,0402030K0BFAAAF,RHA00,NOTTINGHAMSHIRE HEALTHCARE NHS FOUNDATION TRUST,112,112,1,9.00923692,9.52
202208,Priadel 400mg modified-release tablets,0402030K0BFAAAF,RNU00,OXFORD HEALTH NHS FOUNDATION TRUST,112,112,1,9.00923692,9.52
202208,Priadel 400mg modified-release tablets,0402030K0BFAAAF,RX200,SUSSEX PARTNERSHIP NHS FOUNDATION TRUST,112,112,1,9.00923692,9.52
202208,Priadel 400mg modified-release tablets,0402030K0BFAAAF,RXV00,GREATER MANCHESTER MENTAL HEALTH NHS FOUNDATION TRUST,112,112,1,9.00923692,9.52
202208,Priadel 400mg modified-release tablets,0402030K0BFAAAF,RXM00,DERBYSHIRE HEALTHCARE NHS FOUNDATION TRUST,112,112,1,9.00923692,9.52
202208,Priadel 400mg modified-release tablets,0402030K0BFAAAF,RMY00,NORFOLK AND SUFFOLK NHS FOUNDATION TRUST,6,6,1,0.589016264,0.51
202208,Priadel 400mg modified-release tablets,0402030K0BFAAAF,RV500,SOUTH LONDON AND MAUDSLEY NHS FOUNDATION TRUST,6,6,1,0.589016264,0.51
202208,Priadel 400mg modified-release tablets,0402030K0BFAAAF,RK700,SHEFFIELD HEALTH AND SOCIAL CARE NHS FOUNDATION TRUST,28,84,3,7.00982769,7.14
202208,Priadel 400mg modified-release tablets,0402030K0BFAAAF,RT200,PENNINE CARE NHS FOUNDATION TRUST,28,84,3,7.00982769,7.14
202208,Priadel 400mg modified-release tablets,0402030K0BFAAAF,RT500,LEICESTERSHIRE PARTNERSHIP NHS TRUST,28,84,3,7.00982769,7.14
202208,Priadel 400mg modified-release tablets,0402030K0BFAAAF,RXV00,GREATER MANCHESTER MENTAL HEALTH NHS FOUNDATION TRUST,28,84,3,7.00982769,7.14
202208,Priadel 400mg modified-release tablets,0402030K0BFAAAF,RHA00,NOTTINGHAMSHIRE HEALTHCARE NHS FOUNDATION TRUST,28,168,6,14.01965538,14.28
202208,Priadel 400mg modified-release tablets,0402030K0BFAAAF,RHA00,NOTTINGHAMSHIRE HEALTHCARE NHS FOUNDATION TRUST,56,56,1,4.56081846,4.76
202208,Priadel 400mg modified-release tablets,0402030K0BFAAAF,RP100,NORTHAMPTONSHIRE HEALTHCARE NHS FOUNDATION TRUST,56,56,1,4.56081846,4.76
202208,Priadel 400mg modified-release tablets,0402030K0BFAAAF,R1F00,ISLE OF WIGHT NHS TRUST,56,56,1,4.56081846,4.76
202208,Priadel 400mg modified-release tablets,0402030K0BFAAAF,RRQ00,CAMDEN AND ISLINGTON NHS FOUNDATION TRUST,56,56,1,4.56081846,4.76
202208,Priadel 400mg modified-release tablets,0402030K0BFAAAF,RW400,MERSEY CARE NHS FOUNDATION TRUST,56,56,1,4.56081846,4.76
202208,Priadel 400mg modified-release tablets,0402030K0BFAAAF,RT100,CAMBRIDGESHIRE AND PETERBOROUGH NHS FOUNDATION TRUST,56,56,1,4.56081846,4.76
202208,Priadel 400mg modified-release tablets,0402030K0BFAAAF,RWX00,BERKSHIRE HEALTHCARE NHS FOUNDATION TRUST,56,56,1,4.56081846,4.76
202208,Priadel 400mg modified-release tablets,0402030K0BFAAAF,RCE00,BRADFORD DISTRICT CARE NHS FOUNDATION TRUST,56,112,2,9.12163692,9.52
202208,Priadel 400mg modified-release tablets,0402030K0BFAAAF,RGD00,LEEDS AND YORK PARTNERSHIP NHS FOUNDATION TRUST,56,112,2,9.12163692,9.52
202208,Priadel 400mg modified-release tablets,0402030K0BFAAAF,RW100,SOUTHERN HEALTH NHS FOUNDATION TRUST,56,112,2,9.12163692,9.52
202208,Priadel 400mg modified-release tablets,0402030K0BFAAAF,RWR00,HERTFORDSHIRE PARTNERSHIP UNIVERSITY NHS FOUNDATION TRUST,56,112,2,9.12163692,9.52
202208,Priadel 400mg modified-release tablets,0402030K0BFAAAF,RXY00,KENT AND MEDWAY NHS AND SOCIAL CARE PARTNERSHIP TRUST,56,112,2,9.12163692,9.52
202208,Priadel 400mg modified-release tablets,0402030K0BFAAAF,RT500,LEICESTERSHIRE PARTNERSHIP NHS TRUST,56,112,2,9.12163692,9.52
202208,Priadel 400mg modified-release tablets,0402030K0BFAAAF,RV300,CENTRA AND NORTH WEST LONDON NHS FOUNDATION TRUST,56,112,2,9.12163692,9.52
202208,Priadel 400mg modified-release tablets,0402030K0BFAAAF,RXT00,BIRMINGHAM AND SOLIHULL MENTAL HEALTH NHS FOUNDATION TRUST,56,112,2,9.12163692,9.52
202208,Priadel 400mg modified-release tablets,0402030K0BFAAAF,RXA00,CHESHIRE & WIRRAL PARTNERSHIP NHS FOUNDATION TRUST,56,112,2,9.12163692,9.52
202208,Priadel 400mg modified-release tablets,0402030K0BFAAAF,RDY00,DORSET HEALTHCARE UNIVERSITY NHS FOUNDATION TRUST,56,224,4,18.24327384,19.04
202208,Priadel 400mg modified-release tablets,0402030K0BFAAAF,RXV00,GREATER MANCHESTER MENTAL HEALTH NHS FOUNDATION TRUST,56,224,4,18.24327384,19.04
202208,Priadel 400mg modified-release tablets,0402030K0BFAAAF,RX400,CUMBRIANORTHUMBERLANDTYNE AND WEAR NHS FOUNDATION TRUST,56,448,8,36.48654768,38.08
202208,Priadel 400mg modified-release tablets,0402030K0BFAAAF,RW500,LANCASHIRE & SOUTH CUMBRIA NHS FOUNDATION TRUST,7,21,3,2.019375048,1.8
202208,Priadel 400mg modified-release tablets,0402030K0BFAAAF,RX200,SUSSEX PARTNERSHIP NHS FOUNDATION TRUST,7,21,3,2.019375048,1.8
202208,Priadel 400mg modified-release tablets,0402030K0BFAAAF,RYK00,DUDLEY INTEGRATED HEALTH AND CARE NHS TRUST,7,21,3,2.019375048,1.8
202208,Priadel 400mg modified-release tablets,0402030K0BFAAAF,RXV00,GREATER MANCHESTER MENTAL HEALTH NHS FOUNDATION TRUST,7,21,3,2.019375048,1.8
202208,Priadel 400mg modified-release tablets,0402030K0BFAAAF,RX300,TEES ESK AND WEAR VALLEYS NHS FOUNDATION TRUST,7,119,17,11.44312527,10.2
202208,Priadel 400mg modified-release tablets,0402030K0BFAAAF,RV300,CENTRA AND NORTH WEST LONDON NHS FOUNDATION TRUST,2,2,1,0.271272088,0.17
202208,Priadel 400mg modified-release tablets,0402030K0BFAAAF,RVN00,AVON AND WILTSHIRE MENTAL HEALTH PARTNERSHIP NHS TRUST,2,2,1,0.271272088,0.17
202208,Priadel 400mg modified-release tablets,0402030K0BFAAAF,RXG00,SOUTH WEST YORKSHIRE PARTNERSHIP NHS FOUNDATION TRUST,2,2,1,0.271272088,0.17
202208,Priadel 400mg modified-release tablets,0402030K0BFAAAF,RXV00,GREATER MANCHESTER MENTAL HEALTH NHS FOUNDATION TRUST,2,2,1,0.271272088,0.17
202208,Priadel 400mg modified-release tablets,0402030K0BFAAAF,RRE00,MIDLANDS PARTNERSHIP NHS FOUNDATION TRUST,56,1288,23,104.8988246,109.48
202208,Priadel 400mg modified-release tablets,0402030K0BFAAAF,RJ700,ST GEORGE'S UNIVERSITY HOSPITALS NHS FOUNDATION TRUST,28,28,1,2.33660923,2.38
202208,Priadel 400mg modified-release tablets,0402030K0BFAAAF,RGN00,NORTH WEST ANGLIA NHS FOUNDATION TRUST,28,28,1,2.33660923,2.38
202208,Priadel 400mg modified-release tablets,0402030K0BFAAAF,RMY00,NORFOLK AND SUFFOLK NHS FOUNDATION TRUST,28,28,1,2.33660923,2.38
202208,Priadel 400mg modified-release tablets,0402030K0BFAAAF,RQY00,SOUTH WEST LONDON AND ST GEORGE'S MENTAL HEALTH NHS TRUST,28,28,1,2.33660923,2.38
202208,Priadel 400mg modified-release tablets,0402030K0BFAAAF,RV300,CENTRA AND NORTH WEST LONDON NHS FOUNDATION TRUST,28,28,1,2.33660923,2.38
202208,Priadel 400mg modified-release tablets,0402030K0BFAAAF,RXX00,SURREY AND BORDERS PARTNERSHIP NHS FOUNDATION TRUST,28,28,1,2.33660923,2.38
202208,Priadel 400mg modified-release tablets,0402030K0BFAAAF,RT100,CAMBRIDGESHIRE AND PETERBOROUGH NHS FOUNDATION TRUST,28,28,1,2.33660923,2.38
202208,Priadel 400mg modified-release tablets,0402030K0BFAAAF,RCE00,BRADFORD DISTRICT CARE NHS FOUNDATION TRUST,28,56,2,4.67321846,4.76
202208,Priadel 400mg modified-release tablets,0402030K0BFAAAF,RDY00,DORSET HEALTHCARE UNIVERSITY NHS FOUNDATION TRUST,28,56,2,4.67321846,4.76
202208,Priadel 400mg modified-release tablets,0402030K0BFAAAF,RP100,NORTHAMPTONSHIRE HEALTHCARE NHS FOUNDATION TRUST,28,56,2,4.67321846,4.76
202208,Priadel 400mg modified-release tablets,0402030K0BFAAAF,RAT00,NORTH EAST LONDON NHS FOUNDATION TRUST,28,56,2,4.67321846,4.76
202208,Priadel 400mg modified-release tablets,0402030K0BFAAAF,RW100,SOUTHERN HEALTH NHS FOUNDATION TRUST,28,56,2,4.67321846,4.76
202208,Priadel 400mg modified-release tablets,0402030K0BFAAAF,RVN00,AVON AND WILTSHIRE MENTAL HEALTH PARTNERSHIP NHS TRUST,28,56,2,4.67321846,4.76
202208,Priadel 400mg modified-release tablets,0402030K0BFAAAF,RXA00,CHESHIRE & WIRRAL PARTNERSHIP NHS FOUNDATION TRUST,28,56,2,4.67321846,4.76
202208,Priadel 400mg modified-release tablets,0402030K0BFAAAF,RWR00,HERTFORDSHIRE PARTNERSHIP UNIVERSITY NHS FOUNDATION TRUST,28,56,2,4.67321846,4.76
202208,Priadel 400mg modified-release tablets,0402030K0BFAAAF,RXY00,KENT AND MEDWAY NHS AND SOCIAL CARE PARTNERSHIP TRUST,28,56,2,4.67321846,4.76
202208,Priadel 400mg modified-release tablets,0402030K0BFAAAF,RKL00,WEST LONDON NHS TRUST,28,112,4,9.34643692,9.52
202208,Priadel 400mg modified-release tablets,0402030K0BFAAAF,RNU00,OXFORD HEALTH NHS FOUNDATION TRUST,28,112,4,9.34643692,9.52
202208,Priadel 400mg modified-release tablets,0402030K0BFAAAF,RXT00,BIRMINGHAM AND SOLIHULL MENTAL HEALTH NHS FOUNDATION TRUST,28,112,4,9.34643692,9.52
202208,Priadel 400mg modified-release tablets,0402030K0BFAAAF,RWK00,EAST LONDON NHS FOUNDATION TRUST,28,112,4,9.34643692,9.52
202208,Priadel 400mg modified-release tablets,0402030K0BFAAAF,RW400,MERSEY CARE NHS FOUNDATION TRUST,28,224,8,18.69287384,19.04
202208,Priadel 400mg modified-release tablets,0402030K0BFAAAF,RT100,CAMBRIDGESHIRE AND PETERBOROUGH NHS FOUNDATION TRUST,10,20,2,1.813520879,1.7
202208,Priadel 400mg modified-release tablets,0402030K0BFAAAF,RX400,CUMBRIANORTHUMBERLANDTYNE AND WEAR NHS FOUNDATION TRUST,49,49,1,4.009438861,4.17
202208,Priadel 400mg modified-release tablets,0402030K0BFAAAF,RV500,SOUTH LONDON AND MAUDSLEY NHS FOUNDATION TRUST,56,616,11,50.16900306,52.36
202208,Priadel 400mg modified-release tablets,0402030K0BFAAAF,RVN00,AVON AND WILTSHIRE MENTAL HEALTH PARTNERSHIP NHS TRUST,14,42,3,3.673513845,3.57
202208,Priadel 400mg modified-release tablets,0402030K0BFAAAF,RXT00,BIRMINGHAM AND SOLIHULL MENTAL HEALTH NHS FOUNDATION TRUST,14,42,3,3.673513845,3.57
202208,Priadel 400mg modified-release tablets,0402030K0BFAAAF,RX200,SUSSEX PARTNERSHIP NHS FOUNDATION TRUST,14,42,3,3.673513845,3.57
202208,Priadel 400mg modified-release tablets,0402030K0BFAAAF,RW100,SOUTHERN HEALTH NHS FOUNDATION TRUST,14,42,3,3.673513845,3.57
202208,Priadel 400mg modified-release tablets,0402030K0BFAAAF,RXM00,DERBYSHIRE HEALTHCARE NHS FOUNDATION TRUST,14,42,3,3.673513845,3.57
202208,Priadel 400mg modified-release tablets,0402030K0BFAAAF,RXG00,SOUTH WEST YORKSHIRE PARTNERSHIP NHS FOUNDATION TRUST,14,42,3,3.673513845,3.57
202208,Priadel 400mg modified-release tablets,0402030K0BFAAAF,RWK00,EAST LONDON NHS FOUNDATION TRUST,14,42,3,3.673513845,3.57
202208,Priadel 400mg modified-release tablets,0402030K0BFAAAF,RW500,LANCASHIRE & SOUTH CUMBRIA NHS FOUNDATION TRUST,8,8,1,0.747888351,0.68
202208,Priadel 400mg modified-release tablets,0402030K0BFAAAF,RX300,TEES ESK AND WEAR VALLEYS NHS FOUNDATION TRUST,8,8,1,0.747888351,0.68
202208,Priadel 400mg modified-release tablets,0402030K0BFAAAF,RAT00,NORTH EAST LONDON NHS FOUNDATION TRUST,14,28,2,2.44900923,2.38
202208,Priadel 400mg modified-release tablets,0402030K0BFAAAF,R1L00,ESSEX PARTNERSHIP UNIVERSITY NHS FOUNDATION TRUST,14,28,2,2.44900923,2.38
202208,Priadel 400mg modified-release tablets,0402030K0BFAAAF,RNU00,OXFORD HEALTH NHS FOUNDATION TRUST,14,28,2,2.44900923,2.38
202208,Priadel 400mg modified-release tablets,0402030K0BFAAAF,RMY00,NORFOLK AND SUFFOLK NHS FOUNDATION TRUST,14,28,2,2.44900923,2.38
202208,Priadel 400mg modified-release tablets,0402030K0BFAAAF,RW400,MERSEY CARE NHS FOUNDATION TRUST,14,28,2,2.44900923,2.38
202208,Priadel 400mg modified-release tablets,0402030K0BFAAAF,RCE00,BRADFORD DISTRICT CARE NHS FOUNDATION TRUST,14,14,1,1.224504615,1.19
202208,Priadel 400mg modified-release tablets,0402030K0BFAAAF,RDY00,DORSET HEALTHCARE UNIVERSITY NHS FOUNDATION TRUST,14,14,1,1.224504615,1.19
202208,Priadel 400mg modified-release tablets,0402030K0BFAAAF,RH500,SOMERSET NHS FOUNDATION TRUST,14,14,1,1.224504615,1.19
202208,Priadel 400mg modified-release tablets,0402030K0BFAAAF,RT500,LEICESTERSHIRE PARTNERSHIP NHS TRUST,14,14,1,1.224504615,1.19
202208,Priadel 400mg modified-release tablets,0402030K0BFAAAF,RHM00,UNIVERSITY HOSPITAL SOUTHAMPTON NHS FOUNDATION TRUST,14,14,1,1.224504615,1.19
202208,Priadel 400mg modified-release tablets,0402030K0BFAAAF,RGD00,LEEDS AND YORK PARTNERSHIP NHS FOUNDATION TRUST,14,14,1,1.224504615,1.19
202208,Priadel 400mg modified-release tablets,0402030K0BFAAAF,RP100,NORTHAMPTONSHIRE HEALTHCARE NHS FOUNDATION TRUST,14,14,1,1.224504615,1.19
202208,Priadel 400mg modified-release tablets,0402030K0BFAAAF,RK700,SHEFFIELD HEALTH AND SOCIAL CARE NHS FOUNDATION TRUST,14,14,1,1.224504615,1.19
202208,Priadel 400mg modified-release tablets,0402030K0BFAAAF,RRE00,MIDLANDS PARTNERSHIP NHS FOUNDATION TRUST,14,14,1,1.224504615,1.19
202208,Priadel 400mg modified-release tablets,0402030K0BFAAAF,RT100,CAMBRIDGESHIRE AND PETERBOROUGH NHS FOUNDATION TRUST,14,14,1,1.224504615,1.19
202208,Priadel 400mg modified-release tablets,0402030K0BFAAAF,RX400,CUMBRIANORTHUMBERLANDTYNE AND WEAR NHS FOUNDATION TRUST,14,14,1,1.224504615,1.19
202208,Priadel 400mg modified-release tablets,0402030K0BFAAAF,RXX00,SURREY AND BORDERS PARTNERSHIP NHS FOUNDATION TRUST,14,14,1,1.224504615,1.19
202208,Priadel 400mg modified-release tablets,0402030K0BFAAAF,RXA00,CHESHIRE & WIRRAL PARTNERSHIP NHS FOUNDATION TRUST,14,14,1,1.224504615,1.19
202208,Priadel 400mg modified-release tablets,0402030K0BFAAAF,RXY00,KENT AND MEDWAY NHS AND SOCIAL CARE PARTNERSHIP TRUST,14,14,1,1.224504615,1.19
202208,Priadel 400mg modified-release tablets,0402030K0BFAAAF,RT200,PENNINE CARE NHS FOUNDATION TRUST,14,14,1,1.224504615,1.19
202208,Priadel 400mg modified-release tablets,0402030K0BFAAAF,RHA00,NOTTINGHAMSHIRE HEALTHCARE NHS FOUNDATION TRUST,7,7,1,0.673125016,0.6
202208,Priadel 400mg modified-release tablets,0402030K0BFAAAF,RVN00,AVON AND WILTSHIRE MENTAL HEALTH PARTNERSHIP NHS TRUST,7,7,1,0.673125016,0.6
202208,Priadel 400mg modified-release tablets,0402030K0BFAAAF,RQ300,BIRMINGHAM WOMEN'S AND CHILDREN'S NHS FOUNDATION TRUST,7,7,1,0.673125016,0.6
202208,Priadel 400mg modified-release tablets,0402030K0BFAAAF,RT200,PENNINE CARE NHS FOUNDATION TRUST,7,7,1,0.673125016,0.6
202208,Priadel 400mg modified-release tablets,0402030K0BFAAAF,RXT00,BIRMINGHAM AND SOLIHULL MENTAL HEALTH NHS FOUNDATION TRUST,7,7,1,0.673125016,0.6
202208,Priadel 400mg modified-release tablets,0402030K0BFAAAF,RWK00,EAST LONDON NHS FOUNDATION TRUST,7,7,1,0.673125016,0.6
202208,Priadel 400mg modified-release tablets,0402030K0BFAAAF,RV300,CENTRA AND NORTH WEST LONDON NHS FOUNDATION TRUST,7,7,1,0.673125016,0.6
202208,Priadel 400mg modified-release tablets,0402030K0BFAAAF,RT500,LEICESTERSHIRE PARTNERSHIP NHS TRUST,7,7,1,0.673125016,0.6
202208,Priadel 400mg modified-release tablets,0402030K0BFAAAF,RKL00,WEST LONDON NHS TRUST,7,14,2,1.346250032,1.2
202208,Priadel 400mg modified-release tablets,0402030K0BFAAAF,RW400,MERSEY CARE NHS FOUNDATION TRUST,7,14,2,1.346250032,1.2
202208,Priadel 200mg modified-release tablets,0402030K0BFABAI,RNU00,OXFORD HEALTH NHS FOUNDATION TRUST,70,70,1,5.01874389,5.25
202208,Priadel 200mg modified-release tablets,0402030K0BFABAI,RT100,CAMBRIDGESHIRE AND PETERBOROUGH NHS FOUNDATION TRUST,70,70,1,5.01874389,5.25
202208,Priadel 200mg modified-release tablets,0402030K0BFABAI,RW100,SOUTHERN HEALTH NHS FOUNDATION TRUST,70,70,1,5.01874389,5.25
202208,Priadel 200mg modified-release tablets,0402030K0BFABAI,RXV00,GREATER MANCHESTER MENTAL HEALTH NHS FOUNDATION TRUST,70,70,1,5.01874389,5.25
202208,Priadel 200mg modified-release tablets,0402030K0BFABAI,RT100,CAMBRIDGESHIRE AND PETERBOROUGH NHS FOUNDATION TRUST,11,11,1,0.888069605,0.83
202208,Priadel 200mg modified-release tablets,0402030K0BFABAI,RTG00,UNIVERSITY HOSPITALS OF DERBY AND BURTON NHS FOUNDATION TRUST,11,11,1,0.888069605,0.83
202208,Priadel 200mg modified-release tablets,0402030K0BFABAI,RT100,CAMBRIDGESHIRE AND PETERBOROUGH NHS FOUNDATION TRUST,10,10,1,0.81330627,0.75
202208,Priadel 200mg modified-release tablets,0402030K0BFABAI,RT200,PENNINE CARE NHS FOUNDATION TRUST,10,10,1,0.81330627,0.75
202208,Priadel 200mg modified-release tablets,0402030K0BFABAI,RXG00,SOUTH WEST YORKSHIRE PARTNERSHIP NHS FOUNDATION TRUST,10,10,1,0.81330627,0.75
202208,Priadel 200mg modified-release tablets,0402030K0BFABAI,R1L00,ESSEX PARTNERSHIP UNIVERSITY NHS FOUNDATION TRUST,7,21,3,1.823121292,1.59
202208,Priadel 200mg modified-release tablets,0402030K0BFABAI,RYK00,DUDLEY INTEGRATED HEALTH AND CARE NHS TRUST,7,21,3,1.823121292,1.59
202208,Priadel 200mg modified-release tablets,0402030K0BFABAI,RV500,SOUTH LONDON AND MAUDSLEY NHS FOUNDATION TRUST,7,70,10,6.077070974,5.3
202208,Priadel 200mg modified-release tablets,0402030K0BFABAI,RX300,TEES ESK AND WEAR VALLEYS NHS FOUNDATION TRUST,7,63,9,5.469363877,4.77
202208,Priadel 200mg modified-release tablets,0402030K0BFABAI,RVN00,AVON AND WILTSHIRE MENTAL HEALTH PARTNERSHIP NHS TRUST,14,28,2,2.187337556,2.1
202208,Priadel 200mg modified-release tablets,0402030K0BFABAI,RWK00,EAST LONDON NHS FOUNDATION TRUST,14,28,2,2.187337556,2.1
202208,Priadel 200mg modified-release tablets,0402030K0BFABAI,RXG00,SOUTH WEST YORKSHIRE PARTNERSHIP NHS FOUNDATION TRUST,14,28,2,2.187337556,2.1
202208,Priadel 200mg modified-release tablets,0402030K0BFABAI,RT500,LEICESTERSHIRE PARTNERSHIP NHS TRUST,14,28,2,2.187337556,2.1
202208,Priadel 200mg modified-release tablets,0402030K0BFABAI,RX400,CUMBRIANORTHUMBERLANDTYNE AND WEAR NHS FOUNDATION TRUST,14,56,4,4.374675112,4.2
202208,Priadel 200mg modified-release tablets,0402030K0BFABAI,RW100,SOUTHERN HEALTH NHS FOUNDATION TRUST,14,56,4,4.374675112,4.2
202208,Priadel 200mg modified-release tablets,0402030K0BFABAI,RXV00,GREATER MANCHESTER MENTAL HEALTH NHS FOUNDATION TRUST,14,56,4,4.374675112,4.2
202208,Priadel 200mg modified-release tablets,0402030K0BFABAI,RXM00,DERBYSHIRE HEALTHCARE NHS FOUNDATION TRUST,14,56,4,4.374675112,4.2
202208,Priadel 200mg modified-release tablets,0402030K0BFABAI,RXT00,BIRMINGHAM AND SOLIHULL MENTAL HEALTH NHS FOUNDATION TRUST,14,56,4,4.374675112,4.2
202208,Priadel 200mg modified-release tablets,0402030K0BFABAI,RAT00,NORTH EAST LONDON NHS FOUNDATION TRUST,14,14,1,1.093668778,1.05
202208,Priadel 200mg modified-release tablets,0402030K0BFABAI,RHM00,UNIVERSITY HOSPITAL SOUTHAMPTON NHS FOUNDATION TRUST,14,14,1,1.093668778,1.05
202208,Priadel 200mg modified-release tablets,0402030K0BFABAI,RGD00,LEEDS AND YORK PARTNERSHIP NHS FOUNDATION TRUST,14,14,1,1.093668778,1.05
202208,Priadel 200mg modified-release tablets,0402030K0BFABAI,RNU00,OXFORD HEALTH NHS FOUNDATION TRUST,14,14,1,1.093668778,1.05
202208,Priadel 200mg modified-release tablets,0402030K0BFABAI,RKL00,WEST LONDON NHS TRUST,14,14,1,1.093668778,1.05
202208,Priadel 200mg modified-release tablets,0402030K0BFABAI,RT100,CAMBRIDGESHIRE AND PETERBOROUGH NHS FOUNDATION TRUST,14,14,1,1.093668778,1.05
202208,Priadel 200mg modified-release tablets,0402030K0BFABAI,RMY00,NORFOLK AND SUFFOLK NHS FOUNDATION TRUST,14,14,1,1.093668778,1.05
202208,Priadel 200mg modified-release tablets,0402030K0BFABAI,RH500,SOMERSET NHS FOUNDATION TRUST,14,14,1,1.093668778,1.05
202208,Priadel 200mg modified-release tablets,0402030K0BFABAI,RCE00,BRADFORD DISTRICT CARE NHS FOUNDATION TRUST,14,14,1,1.093668778,1.05
202208,Priadel 200mg modified-release tablets,0402030K0BFABAI,RQ400,BLACK COUNTRY HEALTHCARE NHS FOUNDATION TRUST,14,14,1,1.093668778,1.05
202208,Priadel 200mg modified-release tablets,0402030K0BFABAI,RWR00,HERTFORDSHIRE PARTNERSHIP UNIVERSITY NHS FOUNDATION TRUST,14,14,1,1.093668778,1.05
202208,Priadel 200mg modified-release tablets,0402030K0BFABAI,RXY00,KENT AND MEDWAY NHS AND SOCIAL CARE PARTNERSHIP TRUST,14,14,1,1.093668778,1.05
202208,Priadel 200mg modified-release tablets,0402030K0BFABAI,RK700,SHEFFIELD HEALTH AND SOCIAL CARE NHS FOUNDATION TRUST,7,14,2,1.215414195,1.06
202208,Priadel 200mg modified-release tablets,0402030K0BFABAI,RNU00,OXFORD HEALTH NHS FOUNDATION TRUST,7,14,2,1.215414195,1.06
202208,Priadel 200mg modified-release tablets,0402030K0BFABAI,RP100,NORTHAMPTONSHIRE HEALTHCARE NHS FOUNDATION TRUST,7,14,2,1.215414195,1.06
202208,Priadel 200mg modified-release tablets,0402030K0BFABAI,RW500,LANCASHIRE & SOUTH CUMBRIA NHS FOUNDATION TRUST,7,14,2,1.215414195,1.06
202208,Priadel 200mg modified-release tablets,0402030K0BFABAI,RVN00,AVON AND WILTSHIRE MENTAL HEALTH PARTNERSHIP NHS TRUST,7,14,2,1.215414195,1.06
202208,Priadel 200mg modified-release tablets,0402030K0BFABAI,RXV00,GREATER MANCHESTER MENTAL HEALTH NHS FOUNDATION TRUST,7,14,2,1.215414195,1.06
202208,Priadel 200mg modified-release tablets,0402030K0BFABAI,RXT00,BIRMINGHAM AND SOLIHULL MENTAL HEALTH NHS FOUNDATION TRUST,7,14,2,1.215414195,1.06
202208,Priadel 200mg modified-release tablets,0402030K0BFABAI,RW400,MERSEY CARE NHS FOUNDATION TRUST,7,14,2,1.215414195,1.06
202208,Priadel 200mg modified-release tablets,0402030K0BFABAI,RXM00,DERBYSHIRE HEALTHCARE NHS FOUNDATION TRUST,28,140,5,10.37468778,10.5
202208,Priadel 200mg modified-release tablets,0402030K0BFABAI,RX300,TEES ESK AND WEAR VALLEYS NHS FOUNDATION TRUST,28,560,20,41.49875112,42
202208,Priadel 200mg modified-release tablets,0402030K0BFABAI,RX400,CUMBRIANORTHUMBERLANDTYNE AND WEAR NHS FOUNDATION TRUST,7,42,6,3.646242585,3.18
202208,Priadel 200mg modified-release tablets,0402030K0BFABAI,RX400,CUMBRIANORTHUMBERLANDTYNE AND WEAR NHS FOUNDATION TRUST,84,336,4,24.00005067,25.2
202208,Priadel 200mg modified-release tablets,0402030K0BFABAI,RX300,TEES ESK AND WEAR VALLEYS NHS FOUNDATION TRUST,84,672,8,48.00010134,50.4
202208,Priadel 200mg modified-release tablets,0402030K0BFABAI,RVN00,AVON AND WILTSHIRE MENTAL HEALTH PARTNERSHIP NHS TRUST,31,31,1,2.289882145,2.33
202208,Priadel 200mg modified-release tablets,0402030K0BFABAI,RRE00,MIDLANDS PARTNERSHIP NHS FOUNDATION TRUST,28,308,11,22.82431311,23.1
202208,Priadel 200mg modified-release tablets,0402030K0BFABAI,RK700,SHEFFIELD HEALTH AND SOCIAL CARE NHS FOUNDATION TRUST,84,84,1,6.000012668,6.3
202208,Priadel 200mg modified-release tablets,0402030K0BFABAI,RMY00,NORFOLK AND SUFFOLK NHS FOUNDATION TRUST,84,84,1,6.000012668,6.3
202208,Priadel 200mg modified-release tablets,0402030K0BFABAI,RT500,LEICESTERSHIRE PARTNERSHIP NHS TRUST,84,84,1,6.000012668,6.3
202208,Priadel 200mg modified-release tablets,0402030K0BFABAI,RHA00,NOTTINGHAMSHIRE HEALTHCARE NHS FOUNDATION TRUST,84,84,1,6.000012668,6.3
202208,Priadel 200mg modified-release tablets,0402030K0BFABAI,RGD00,LEEDS AND YORK PARTNERSHIP NHS FOUNDATION TRUST,84,84,1,6.000012668,6.3
202208,Priadel 200mg modified-release tablets,0402030K0BFABAI,RP500,DONCASTER AND BASSETLAW TEACHING HOSPITALS NHS FOUNDATION TRUST,84,84,1,6.000012668,6.3
202208,Priadel 200mg modified-release tablets,0402030K0BFABAI,R1L00,ESSEX PARTNERSHIP UNIVERSITY NHS FOUNDATION TRUST,84,84,1,6.000012668,6.3
202208,Priadel 200mg modified-release tablets,0402030K0BFABAI,RNU00,OXFORD HEALTH NHS FOUNDATION TRUST,84,84,1,6.000012668,6.3
202208,Priadel 200mg modified-release tablets,0402030K0BFABAI,RV300,CENTRA AND NORTH WEST LONDON NHS FOUNDATION TRUST,84,84,1,6.000012668,6.3
202208,Priadel 200mg modified-release tablets,0402030K0BFABAI,RW500,LANCASHIRE & SOUTH CUMBRIA NHS FOUNDATION TRUST,42,84,2,6.000012668,6.3
202208,Priadel 200mg modified-release tablets,0402030K0BFABAI,RW500,LANCASHIRE & SOUTH CUMBRIA NHS FOUNDATION TRUST,14,126,9,9.843019001,9.45
202208,Priadel 200mg modified-release tablets,0402030K0BFABAI,RX400,CUMBRIANORTHUMBERLANDTYNE AND WEAR NHS FOUNDATION TRUST,23,23,1,1.729157129,1.73
202208,Priadel 200mg modified-release tablets,0402030K0BFABAI,RX400,CUMBRIANORTHUMBERLANDTYNE AND WEAR NHS FOUNDATION TRUST,11,22,2,1.776139211,1.66
202208,Priadel 200mg modified-release tablets,0402030K0BFABAI,RGD00,LEEDS AND YORK PARTNERSHIP NHS FOUNDATION TRUST,42,42,1,3.056206334,3.15
202208,Priadel 200mg modified-release tablets,0402030K0BFABAI,RJ800,CORNWALL PARTNERSHIP NHS FOUNDATION TRUST,42,42,1,3.056206334,3.15
202208,Priadel 200mg modified-release tablets,0402030K0BFABAI,RDU00,FRIMLEY HEALTH NHS FOUNDATION TRUST,42,42,1,3.056206334,3.15
202208,Priadel 200mg modified-release tablets,0402030K0BFABAI,RW100,SOUTHERN HEALTH NHS FOUNDATION TRUST,42,42,1,3.056206334,3.15
202208,Priadel 200mg modified-release tablets,0402030K0BFABAI,RW400,MERSEY CARE NHS FOUNDATION TRUST,42,42,1,3.056206334,3.15
202208,Priadel 200mg modified-release tablets,0402030K0BFABAI,RVN00,AVON AND WILTSHIRE MENTAL HEALTH PARTNERSHIP NHS TRUST,42,42,1,3.056206334,3.15
202208,Priadel 200mg modified-release tablets,0402030K0BFABAI,RT200,PENNINE CARE NHS FOUNDATION TRUST,42,42,1,3.056206334,3.15
202208,Priadel 200mg modified-release tablets,0402030K0BFABAI,RXT00,BIRMINGHAM AND SOLIHULL MENTAL HEALTH NHS FOUNDATION TRUST,42,42,1,3.056206334,3.15
202208,Priadel 200mg modified-release tablets,0402030K0BFABAI,RX200,SUSSEX PARTNERSHIP NHS FOUNDATION TRUST,42,42,1,3.056206334,3.15
202208,Priadel 200mg modified-release tablets,0402030K0BFABAI,RDY00,DORSET HEALTHCARE UNIVERSITY NHS FOUNDATION TRUST,42,84,2,6.112412668,6.3
202208,Priadel 200mg modified-release tablets,0402030K0BFABAI,RH500,SOMERSET NHS FOUNDATION TRUST,28,84,3,6.112412668,6.3
202208,Priadel 200mg modified-release tablets,0402030K0BFABAI,RV500,SOUTH LONDON AND MAUDSLEY NHS FOUNDATION TRUST,42,84,2,6.112412668,6.3
202208,Priadel 200mg modified-release tablets,0402030K0BFABAI,RX400,CUMBRIANORTHUMBERLANDTYNE AND WEAR NHS FOUNDATION TRUST,42,84,2,6.112412668,6.3
202208,Priadel 200mg modified-release tablets,0402030K0BFABAI,RVN00,AVON AND WILTSHIRE MENTAL HEALTH PARTNERSHIP NHS TRUST,84,168,2,12.00002534,12.6
202208,Priadel 200mg modified-release tablets,0402030K0BFABAI,RW500,LANCASHIRE & SOUTH CUMBRIA NHS FOUNDATION TRUST,84,168,2,12.00002534,12.6
202208,Priadel 200mg modified-release tablets,0402030K0BFABAI,RRE00,MIDLANDS PARTNERSHIP NHS FOUNDATION TRUST,84,168,2,12.00002534,12.6
202208,Priadel 200mg modified-release tablets,0402030K0BFABAI,RX200,SUSSEX PARTNERSHIP NHS FOUNDATION TRUST,84,168,2,12.00002534,12.6
202208,Priadel 200mg modified-release tablets,0402030K0BFABAI,RDY00,DORSET HEALTHCARE UNIVERSITY NHS FOUNDATION TRUST,56,168,3,12.11242534,12.6
202208,Priadel 200mg modified-release tablets,0402030K0BFABAI,R1F00,ISLE OF WIGHT NHS TRUST,50,50,1,3.61693135,3.75
202208,Priadel 200mg modified-release tablets,0402030K0BFABAI,RV500,SOUTH LONDON AND MAUDSLEY NHS FOUNDATION TRUST,14,70,5,5.46834389,5.25
202208,Priadel 200mg modified-release tablets,0402030K0BFABAI,RK700,SHEFFIELD HEALTH AND SOCIAL CARE NHS FOUNDATION TRUST,28,84,3,6.224812668,6.3
202208,Priadel 200mg modified-release tablets,0402030K0BFABAI,RHA00,NOTTINGHAMSHIRE HEALTHCARE NHS FOUNDATION TRUST,28,84,3,6.224812668,6.3
202208,Priadel 200mg modified-release tablets,0402030K0BFABAI,RP100,NORTHAMPTONSHIRE HEALTHCARE NHS FOUNDATION TRUST,28,84,3,6.224812668,6.3
202208,Priadel 200mg modified-release tablets,0402030K0BFABAI,RW100,SOUTHERN HEALTH NHS FOUNDATION TRUST,28,84,3,6.224812668,6.3
202208,Priadel 200mg modified-release tablets,0402030K0BFABAI,RV300,CENTRA AND NORTH WEST LONDON NHS FOUNDATION TRUST,28,84,3,6.224812668,6.3
202208,Priadel 200mg modified-release tablets,0402030K0BFABAI,RT500,LEICESTERSHIRE PARTNERSHIP NHS TRUST,28,84,3,6.224812668,6.3
202208,Priadel 200mg modified-release tablets,0402030K0BFABAI,RW500,LANCASHIRE & SOUTH CUMBRIA NHS FOUNDATION TRUST,28,168,6,12.33722534,12.6
202208,Priadel 200mg modified-release tablets,0402030K0BFABAI,R1F00,ISLE OF WIGHT NHS TRUST,112,112,1,7.962550223,8.4
202208,Priadel 200mg modified-release tablets,0402030K0BFABAI,RX400,CUMBRIANORTHUMBERLANDTYNE AND WEAR NHS FOUNDATION TRUST,112,112,1,7.962550223,8.4
202208,Priadel 200mg modified-release tablets,0402030K0BFABAI,RXG00,SOUTH WEST YORKSHIRE PARTNERSHIP NHS FOUNDATION TRUST,112,112,1,7.962550223,8.4
202208,Priadel 200mg modified-release tablets,0402030K0BFABAI,RV500,SOUTH LONDON AND MAUDSLEY NHS FOUNDATION TRUST,120,120,1,8.523275239,9
202208,Priadel 200mg modified-release tablets,0402030K0BFABAI,RX400,CUMBRIANORTHUMBERLANDTYNE AND WEAR NHS FOUNDATION TRUST,78,78,1,5.579468906,5.85
202208,Priadel 200mg modified-release tablets,0402030K0BFABAI,RX300,TEES ESK AND WEAR VALLEYS NHS FOUNDATION TRUST,14,154,11,12.03035656,11.55
202208,Priadel 200mg modified-release tablets,0402030K0BFABAI,RHA00,NOTTINGHAMSHIRE HEALTHCARE NHS FOUNDATION TRUST,98,294,3,20.94384434,22.05
202208,Priadel 200mg modified-release tablets,0402030K0BFABAI,RX400,CUMBRIANORTHUMBERLANDTYNE AND WEAR NHS FOUNDATION TRUST,28,196,7,14.52456289,14.7
202208,Priadel 200mg modified-release tablets,0402030K0BFABAI,RDY00,DORSET HEALTHCARE UNIVERSITY NHS FOUNDATION TRUST,3,3,1,0.327344589,0.23
202208,Priadel 200mg modified-release tablets,0402030K0BFABAI,RV500,SOUTH LONDON AND MAUDSLEY NHS FOUNDATION TRUST,3,3,1,0.327344589,0.23
202208,Priadel 200mg modified-release tablets,0402030K0BFABAI,RV300,CENTRA AND NORTH WEST LONDON NHS FOUNDATION TRUST,2,2,1,0.252581254,0.15
202208,Priadel 200mg modified-release tablets,0402030K0BFABAI,RVN00,AVON AND WILTSHIRE MENTAL HEALTH PARTNERSHIP NHS TRUST,2,2,1,0.252581254,0.15
202208,Priadel 200mg modified-release tablets,0402030K0BFABAI,RXV00,GREATER MANCHESTER MENTAL HEALTH NHS FOUNDATION TRUST,2,2,1,0.252581254,0.15
202208,Priadel 200mg modified-release tablets,0402030K0BFABAI,RRE00,MIDLANDS PARTNERSHIP NHS FOUNDATION TRUST,224,224,1,15.81270045,16.8
202208,Priadel 200mg modified-release tablets,0402030K0BFABAI,RX200,SUSSEX PARTNERSHIP NHS FOUNDATION TRUST,60,60,1,4.31783762,4.5
202208,Priadel 200mg modified-release tablets,0402030K0BFABAI,RX200,SUSSEX PARTNERSHIP NHS FOUNDATION TRUST,112,224,2,15.92510045,16.8
202208,Priadel 200mg modified-release tablets,0402030K0BFABAI,RK700,SHEFFIELD HEALTH AND SOCIAL CARE NHS FOUNDATION TRUST,14,42,3,3.281006334,3.15
202208,Priadel 200mg modified-release tablets,0402030K0BFABAI,RRE00,MIDLANDS PARTNERSHIP NHS FOUNDATION TRUST,14,42,3,3.281006334,3.15
202208,Priadel 200mg modified-release tablets,0402030K0BFABAI,RX200,SUSSEX PARTNERSHIP NHS FOUNDATION TRUST,14,42,3,3.281006334,3.15
202208,Priadel 200mg modified-release tablets,0402030K0BFABAI,RAT00,NORTH EAST LONDON NHS FOUNDATION TRUST,30,30,1,2.21511881,2.25
202208,Priadel 200mg modified-release tablets,0402030K0BFABAI,RK700,SHEFFIELD HEALTH AND SOCIAL CARE NHS FOUNDATION TRUST,30,30,1,2.21511881,2.25
202208,Priadel 200mg modified-release tablets,0402030K0BFABAI,R1L00,ESSEX PARTNERSHIP UNIVERSITY NHS FOUNDATION TRUST,30,30,1,2.21511881,2.25
202208,Priadel 200mg modified-release tablets,0402030K0BFABAI,RW100,SOUTHERN HEALTH NHS FOUNDATION TRUST,30,30,1,2.21511881,2.25
202208,Priadel 200mg modified-release tablets,0402030K0BFABAI,RXM00,DERBYSHIRE HEALTHCARE NHS FOUNDATION TRUST,30,30,1,2.21511881,2.25
202208,Priadel 200mg modified-release tablets,0402030K0BFABAI,RT200,PENNINE CARE NHS FOUNDATION TRUST,30,30,1,2.21511881,2.25
202208,Priadel 200mg modified-release tablets,0402030K0BFABAI,RX200,SUSSEX PARTNERSHIP NHS FOUNDATION TRUST,30,30,1,2.21511881,2.25
202208,Priadel 200mg modified-release tablets,0402030K0BFABAI,RXA00,CHESHIRE & WIRRAL PARTNERSHIP NHS FOUNDATION TRUST,30,30,1,2.21511881,2.25
202208,Priadel 200mg modified-release tablets,0402030K0BFABAI,RY500,LINCOLNSHIRE COMMUNITY HEALTH SERVICES NHS TRUST,30,30,1,2.21511881,2.25
202208,Priadel 200mg modified-release tablets,0402030K0BFABAI,RWV00,DEVON PARTNERSHIP NHS TRUST,30,60,2,4.43023762,4.5
202208,Priadel 200mg modified-release tablets,0402030K0BFABAI,RVN00,AVON AND WILTSHIRE MENTAL HEALTH PARTNERSHIP NHS TRUST,5,5,1,0.467525843,0.38
202208,Priadel 200mg modified-release tablets,0402030K0BFABAI,RDY00,DORSET HEALTHCARE UNIVERSITY NHS FOUNDATION TRUST,21,21,1,1.588975875,1.58
202208,Priadel 200mg modified-release tablets,0402030K0BFABAI,RGD00,LEEDS AND YORK PARTNERSHIP NHS FOUNDATION TRUST,21,21,1,1.588975875,1.58
202208,Priadel 200mg modified-release tablets,0402030K0BFABAI,R1L00,ESSEX PARTNERSHIP UNIVERSITY NHS FOUNDATION TRUST,21,21,1,1.588975875,1.58
202208,Priadel 200mg modified-release tablets,0402030K0BFABAI,RT100,CAMBRIDGESHIRE AND PETERBOROUGH NHS FOUNDATION TRUST,21,21,1,1.588975875,1.58
202208,Priadel 200mg modified-release tablets,0402030K0BFABAI,RW500,LANCASHIRE & SOUTH CUMBRIA NHS FOUNDATION TRUST,21,21,1,1.588975875,1.58
202208,Priadel 200mg modified-release tablets,0402030K0BFABAI,RXM00,DERBYSHIRE HEALTHCARE NHS FOUNDATION TRUST,21,21,1,1.588975875,1.58
202208,Priadel 200mg modified-release tablets,0402030K0BFABAI,RXK00,SANDWELL AND WEST BIRMINGHAM HOSPITALS NHS TRUST,21,21,1,1.588975875,1.58
202208,Priadel 200mg modified-release tablets,0402030K0BFABAI,RWK00,EAST LONDON NHS FOUNDATION TRUST,21,21,1,1.588975875,1.58
202208,Priadel 200mg modified-release tablets,0402030K0BFABAI,RXT00,BIRMINGHAM AND SOLIHULL MENTAL HEALTH NHS FOUNDATION TRUST,20,20,1,1.51421254,1.5
202208,Priadel 200mg modified-release tablets,0402030K0BFABAI,RX300,TEES ESK AND WEAR VALLEYS NHS FOUNDATION TRUST,4,8,2,0.785525016,0.6
202208,Priadel 200mg modified-release tablets,0402030K0BFABAI,RRQ00,CAMDEN AND ISLINGTON NHS FOUNDATION TRUST,35,35,1,2.570244653,2.63
202208,Priadel 200mg modified-release tablets,0402030K0BFABAI,RNU00,OXFORD HEALTH NHS FOUNDATION TRUST,35,35,1,2.570244653,2.63
202208,Priadel 200mg modified-release tablets,0402030K0BFABAI,R1L00,ESSEX PARTNERSHIP UNIVERSITY NHS FOUNDATION TRUST,63,63,1,4.532782209,4.73
202208,Priadel 200mg modified-release tablets,0402030K0BFABAI,RT200,PENNINE CARE NHS FOUNDATION TRUST,63,63,1,4.532782209,4.73
202208,Priadel 200mg modified-release tablets,0402030K0BFABAI,RW100,SOUTHERN HEALTH NHS FOUNDATION TRUST,21,42,2,3.177951751,3.16
202208,Priadel 200mg modified-release tablets,0402030K0BFABAI,RVN00,AVON AND WILTSHIRE MENTAL HEALTH PARTNERSHIP NHS TRUST,21,42,2,3.177951751,3.16
202208,Priadel 200mg modified-release tablets,0402030K0BFABAI,RXT00,BIRMINGHAM AND SOLIHULL MENTAL HEALTH NHS FOUNDATION TRUST,21,42,2,3.177951751,3.16
202208,Priadel 200mg modified-release tablets,0402030K0BFABAI,RX400,CUMBRIANORTHUMBERLANDTYNE AND WEAR NHS FOUNDATION TRUST,21,42,2,3.177951751,3.16
202208,Priadel 200mg modified-release tablets,0402030K0BFABAI,RX300,TEES ESK AND WEAR VALLEYS NHS FOUNDATION TRUST,21,42,2,3.177951751,3.16
202208,Priadel 200mg modified-release tablets,0402030K0BFABAI,RRE00,MIDLANDS PARTNERSHIP NHS FOUNDATION TRUST,56,112,2,8.074950223,8.4
202208,Priadel 200mg modified-release tablets,0402030K0BFABAI,RWR00,HERTFORDSHIRE PARTNERSHIP UNIVERSITY NHS FOUNDATION TRUST,56,112,2,8.074950223,8.4
202208,Priadel 200mg modified-release tablets,0402030K0BFABAI,RWR00,HERTFORDSHIRE PARTNERSHIP UNIVERSITY NHS FOUNDATION TRUST,180,180,1,12.72871286,13.5
202208,Priadel 200mg modified-release tablets,0402030K0BFABAI,RCE00,BRADFORD DISTRICT CARE NHS FOUNDATION TRUST,56,56,1,4.037475112,4.2
202208,Priadel 200mg modified-release tablets,0402030K0BFABAI,RW500,LANCASHIRE & SOUTH CUMBRIA NHS FOUNDATION TRUST,56,56,1,4.037475112,4.2
202208,Priadel 200mg modified-release tablets,0402030K0BFABAI,RX400,CUMBRIANORTHUMBERLANDTYNE AND WEAR NHS FOUNDATION TRUST,56,56,1,4.037475112,4.2
202208,Priadel 200mg modified-release tablets,0402030K0BFABAI,RXM00,DERBYSHIRE HEALTHCARE NHS FOUNDATION TRUST,56,56,1,4.037475112,4.2
202208,Priadel 200mg modified-release tablets,0402030K0BFABAI,RXT00,BIRMINGHAM AND SOLIHULL MENTAL HEALTH NHS FOUNDATION TRUST,56,56,1,4.037475112,4.2
202208,Priadel 200mg modified-release tablets,0402030K0BFABAI,RXA00,CHESHIRE & WIRRAL PARTNERSHIP NHS FOUNDATION TRUST,56,56,1,4.037475112,4.2
202208,Priadel 200mg modified-release tablets,0402030K0BFABAI,RXY00,KENT AND MEDWAY NHS AND SOCIAL CARE PARTNERSHIP TRUST,56,56,1,4.037475112,4.2
202208,Priadel 200mg modified-release tablets,0402030K0BFABAI,RWX00,BERKSHIRE HEALTHCARE NHS FOUNDATION TRUST,1,1,1,0.187163335,0.08
202208,Priadel 200mg modified-release tablets,0402030K0BFABAI,RXG00,SOUTH WEST YORKSHIRE PARTNERSHIP NHS FOUNDATION TRUST,1,1,1,0.187163335,0.08
202208,Priadel 200mg modified-release tablets,0402030K0BFABAI,RW100,SOUTHERN HEALTH NHS FOUNDATION TRUST,126,126,1,8.943819001,9.45
202208,Priadel 200mg modified-release tablets,0402030K0BFABAI,RX300,TEES ESK AND WEAR VALLEYS NHS FOUNDATION TRUST,90,90,1,6.42055643,6.75
202208,Priadel 200mg modified-release tablets,0402030K0BFABAI,R1L00,ESSEX PARTNERSHIP UNIVERSITY NHS FOUNDATION TRUST,90,180,2,12.84111286,13.5
202208,Priadel 200mg modified-release tablets,0402030K0BFABAI,RXA00,CHESHIRE & WIRRAL PARTNERSHIP NHS FOUNDATION TRUST,25,50,2,3.738676767,3.76
202208,Priadel 200mg modified-release tablets,0402030K0BFABAI,RDY00,DORSET HEALTHCARE UNIVERSITY NHS FOUNDATION TRUST,100,100,1,7.0214627,7.5
202208,Priadel 200mg modified-release tablets,0402030K0BFABAI,RHA00,NOTTINGHAMSHIRE HEALTHCARE NHS FOUNDATION TRUST,147,294,2,20.84078975,22.06
202208,Priadel 200mg modified-release tablets,0402030K0BFABAI,RNU00,OXFORD HEALTH NHS FOUNDATION TRUST,28,112,4,8.299750223,8.4
202208,Priadel 200mg modified-release tablets,0402030K0BFABAI,RX200,SUSSEX PARTNERSHIP NHS FOUNDATION TRUST,28,112,4,8.299750223,8.4
202208,Priadel 200mg modified-release tablets,0402030K0BFABAI,RXT00,BIRMINGHAM AND SOLIHULL MENTAL HEALTH NHS FOUNDATION TRUST,28,112,4,8.299750223,8.4
202208,Priadel 200mg modified-release tablets,0402030K0BFABAI,RW400,MERSEY CARE NHS FOUNDATION TRUST,28,112,4,8.299750223,8.4
202208,Priadel 200mg modified-release tablets,0402030K0BFABAI,R1L00,ESSEX PARTNERSHIP UNIVERSITY NHS FOUNDATION TRUST,28,28,1,2.074937556,2.1
202208,Priadel 200mg modified-release tablets,0402030K0BFABAI,RCE00,BRADFORD DISTRICT CARE NHS FOUNDATION TRUST,28,28,1,2.074937556,2.1
202208,Priadel 200mg modified-release tablets,0402030K0BFABAI,RDY00,DORSET HEALTHCARE UNIVERSITY NHS FOUNDATION TRUST,28,28,1,2.074937556,2.1
202208,Priadel 200mg modified-release tablets,0402030K0BFABAI,RRQ00,CAMDEN AND ISLINGTON NHS FOUNDATION TRUST,28,28,1,2.074937556,2.1
202208,Priadel 200mg modified-release tablets,0402030K0BFABAI,RMY00,NORFOLK AND SUFFOLK NHS FOUNDATION TRUST,28,28,1,2.074937556,2.1
202208,Priadel 200mg modified-release tablets,0402030K0BFABAI,RXV00,GREATER MANCHESTER MENTAL HEALTH NHS FOUNDATION TRUST,28,28,1,2.074937556,2.1
202208,Priadel 200mg modified-release tablets,0402030K0BFABAI,RT200,PENNINE CARE NHS FOUNDATION TRUST,28,28,1,2.074937556,2.1
202208,Priadel 200mg modified-release tablets,0402030K0BFABAI,RXX00,SURREY AND BORDERS PARTNERSHIP NHS FOUNDATION TRUST,28,28,1,2.074937556,2.1
202208,Priadel 200mg modified-release tablets,0402030K0BFABAI,RXY00,KENT AND MEDWAY NHS AND SOCIAL CARE PARTNERSHIP TRUST,28,28,1,2.074937556,2.1
202208,Priadel 200mg modified-release tablets,0402030K0BFABAI,RT100,CAMBRIDGESHIRE AND PETERBOROUGH NHS FOUNDATION TRUST,28,56,2,4.149875112,4.2
202208,Priadel 200mg modified-release tablets,0402030K0BFABAI,RQY00,SOUTH WEST LONDON AND ST GEORGE'S MENTAL HEALTH NHS TRUST,28,56,2,4.149875112,4.2
202208,Priadel 200mg modified-release tablets,0402030K0BFABAI,RWR00,HERTFORDSHIRE PARTNERSHIP UNIVERSITY NHS FOUNDATION TRUST,28,56,2,4.149875112,4.2
202208,Priadel 200mg modified-release tablets,0402030K0BFABAI,RWK00,EAST LONDON NHS FOUNDATION TRUST,28,56,2,4.149875112,4.2
202208,Priadel 200mg modified-release tablets,0402030K0BFABAI,RWV00,DEVON PARTNERSHIP NHS TRUST,28,56,2,4.149875112,4.2
202208,Priadel 200mg modified-release tablets,0402030K0BFABAI,RXG00,SOUTH WEST YORKSHIRE PARTNERSHIP NHS FOUNDATION TRUST,28,56,2,4.149875112,4.2
202208,Priadel 200mg modified-release tablets,0402030K0BFABAI,RHA00,NOTTINGHAMSHIRE HEALTHCARE NHS FOUNDATION TRUST,7,7,1,0.607707097,0.53
202208,Priadel 200mg modified-release tablets,0402030K0BFABAI,RT500,LEICESTERSHIRE PARTNERSHIP NHS TRUST,7,7,1,0.607707097,0.53
202208,Priadel 200mg modified-release tablets,0402030K0BFABAI,RQ300,BIRMINGHAM WOMEN'S AND CHILDREN'S NHS FOUNDATION TRUST,7,7,1,0.607707097,0.53
202208,Priadel 200mg modified-release tablets,0402030K0BFABAI,RXA00,CHESHIRE & WIRRAL PARTNERSHIP NHS FOUNDATION TRUST,7,7,1,0.607707097,0.53
202208,Priadel 200mg modified-release tablets,0402030K0BFABAI,RXM00,DERBYSHIRE HEALTHCARE NHS FOUNDATION TRUST,7,7,1,0.607707097,0.53
202208,Priadel 200mg modified-release tablets,0402030K0BFABAI,RV300,CENTRA AND NORTH WEST LONDON NHS FOUNDATION TRUST,7,7,1,0.607707097,0.53
202208,Priadel 200mg modified-release tablets,0402030K0BFABAI,RXG00,SOUTH WEST YORKSHIRE PARTNERSHIP NHS FOUNDATION TRUST,42,252,6,18.337238,18.9
202208,Priadel 200mg modified-release tablets,0402030K0BFABAI,RX300,TEES ESK AND WEAR VALLEYS NHS FOUNDATION TRUST,42,126,3,9.168619001,9.45
202208,Priadel 200mg modified-release tablets,0402030K0BFABAI,RCE00,BRADFORD DISTRICT CARE NHS FOUNDATION TRUST,140,140,1,9.925087779,10.5
202208,Priadel 200mg modified-release tablets,0402030K0BFABAI,RRE00,MIDLANDS PARTNERSHIP NHS FOUNDATION TRUST,140,140,1,9.925087779,10.5
202208,Priadel 200mg modified-release tablets,0402030K0BFABAI,RW500,LANCASHIRE & SOUTH CUMBRIA NHS FOUNDATION TRUST,140,140,1,9.925087779,10.5
202208,Priadel 200mg modified-release tablets,0402030K0BFABAI,RWK00,EAST LONDON NHS FOUNDATION TRUST,140,140,1,9.925087779,10.5
202208,Priadel 200mg modified-release tablets,0402030K0BFABAI,RVN00,AVON AND WILTSHIRE MENTAL HEALTH PARTNERSHIP NHS TRUST,140,140,1,9.925087779,10.5
202208,Priadel 200mg modified-release tablets,0402030K0BFABAI,RRQ00,CAMDEN AND ISLINGTON NHS FOUNDATION TRUST,280,280,1,19.73777556,21
202208,Priadel 200mg modified-release tablets,0402030K0BFABAI,RT100,CAMBRIDGESHIRE AND PETERBOROUGH NHS FOUNDATION TRUST,140,280,2,19.85017556,21
202208,Priadel 200mg modified-release tablets,0402030K0BFABAI,RW400,MERSEY CARE NHS FOUNDATION TRUST,21,105,5,7.944879377,7.9
202208,Priadel 200mg modified-release tablets,0402030K0BFABAI,RV500,SOUTH LONDON AND MAUDSLEY NHS FOUNDATION TRUST,28,252,9,18.674438,18.9
202208,Priadel 200mg modified-release tablets,0402030K0BFABAI,RXT00,BIRMINGHAM AND SOLIHULL MENTAL HEALTH NHS FOUNDATION TRUST,9,9,1,0.747888351,0.68
202208,Lithium citrate 520mg/5ml oral solution sugar free,0402030P0AAAIAI,RV500,SOUTH LONDON AND MAUDSLEY NHS FOUNDATION TRUST,420,420,1,17.7191655,18.84
202208,Lithium citrate 509mg/5ml oral solution,0402030P0AAALAL,RV500,SOUTH LONDON AND MAUDSLEY NHS FOUNDATION TRUST,150,150,1,5.423396404,5.79
202208,Lithium citrate 509mg/5ml oral solution,0402030P0AAALAL,RHA00,NOTTINGHAMSHIRE HEALTHCARE NHS FOUNDATION TRUST,100,100,1,3.719730936,3.86
202208,Priadel 520mg/5ml liquid,0402030P0BCAAAI,RW500,LANCASHIRE & SOUTH CUMBRIA NHS FOUNDATION TRUST,150,150,1,6.301865596,6.73
202208,Priadel 520mg/5ml liquid,0402030P0BCAAAI,RX400,CUMBRIANORTHUMBERLANDTYNE AND WEAR NHS FOUNDATION TRUST,300,300,1,12.59133119,13.46
202208,Priadel 520mg/5ml liquid,0402030P0BCAAAI,RWK00,EAST LONDON NHS FOUNDATION TRUST,420,420,1,17.7191655,18.84
202208,Priadel 520mg/5ml liquid,0402030P0BCAAAI,RX200,SUSSEX PARTNERSHIP NHS FOUNDATION TRUST,600,600,1,25.17026238,26.92
202208,Priadel 520mg/5ml liquid,0402030P0BCAAAI,RX400,CUMBRIANORTHUMBERLANDTYNE AND WEAR NHS FOUNDATION TRUST,280,280,1,11.85024367,12.56
202208,Priadel 520mg/5ml liquid,0402030P0BCAAAI,RW400,MERSEY CARE NHS FOUNDATION TRUST,70,70,1,3.046860917,3.14
202208,Li-Liquid 509mg/5ml oral solution,0402030P0BDAAAL,RHA00,NOTTINGHAMSHIRE HEALTHCARE NHS FOUNDATION TRUST,40,40,1,1.551594208,1.54
202208,Li-Liquid 509mg/5ml oral solution,0402030P0BDAAAL,RX300,TEES ESK AND WEAR VALLEYS NHS FOUNDATION TRUST,560,560,1,20.31719141,21.62
202208,Li-Liquid 509mg/5ml oral solution,0402030P0BDAAAL,RH500,SOMERSET NHS FOUNDATION TRUST,336,336,1,12.23340576,12.97
202208,Li-Liquid 509mg/5ml oral solution,0402030P0BDAAAL,RHA00,NOTTINGHAMSHIRE HEALTHCARE NHS FOUNDATION TRUST,60,60,1,2.280536728,2.32
